CREATE DATABASE  IF NOT EXISTS `db_boi_bank` /*!40100 DEFAULT CHARACTER SET latin1 */;
USE `db_boi_bank`;
-- MySQL dump 10.13  Distrib 5.6.17, for Win64 (x86_64)
--
-- Host: 192.168.1.134    Database: db_boi_bank
-- ------------------------------------------------------
-- Server version	5.7.14

/*!40101 SET @OLD_CHARACTER_SET_CLIENT=@@CHARACTER_SET_CLIENT */;
/*!40101 SET @OLD_CHARACTER_SET_RESULTS=@@CHARACTER_SET_RESULTS */;
/*!40101 SET @OLD_COLLATION_CONNECTION=@@COLLATION_CONNECTION */;
/*!40101 SET NAMES utf8 */;
/*!40103 SET @OLD_TIME_ZONE=@@TIME_ZONE */;
/*!40103 SET TIME_ZONE='+00:00' */;
/*!40014 SET @OLD_UNIQUE_CHECKS=@@UNIQUE_CHECKS, UNIQUE_CHECKS=0 */;
/*!40014 SET @OLD_FOREIGN_KEY_CHECKS=@@FOREIGN_KEY_CHECKS, FOREIGN_KEY_CHECKS=0 */;
/*!40101 SET @OLD_SQL_MODE=@@SQL_MODE, SQL_MODE='NO_AUTO_VALUE_ON_ZERO' */;
/*!40111 SET @OLD_SQL_NOTES=@@SQL_NOTES, SQL_NOTES=0 */;

--
-- Table structure for table `audittrail`
--

DROP TABLE IF EXISTS `audittrail`;
/*!40101 SET @saved_cs_client     = @@character_set_client */;
/*!40101 SET character_set_client = utf8 */;
CREATE TABLE `audittrail` (
  `id` int(11) NOT NULL AUTO_INCREMENT,
  `datetime` datetime NOT NULL,
  `script` varchar(255) DEFAULT NULL,
  `user` varchar(255) DEFAULT NULL,
  `action` varchar(255) DEFAULT NULL,
  `table` varchar(255) DEFAULT NULL,
  `field` varchar(255) DEFAULT NULL,
  `keyvalue` longtext,
  `oldvalue` longtext,
  `newvalue` longtext,
  PRIMARY KEY (`id`)
) ENGINE=InnoDB AUTO_INCREMENT=45 DEFAULT CHARSET=latin1;
/*!40101 SET character_set_client = @saved_cs_client */;

--
-- Dumping data for table `audittrail`
--

LOCK TABLES `audittrail` WRITE;
/*!40000 ALTER TABLE `audittrail` DISABLE KEYS */;
INSERT INTO `audittrail` VALUES (1,'2015-03-18 15:17:08','/boi_bank/administrador/logout.php','pruebas@adverweb.com','Salida','127.0.0.1','','','',''),(2,'2015-03-18 20:48:24','/boi_bank/administrador/logout.php','pruebas@adverweb.com','Salida','127.0.0.1','','','',''),(3,'2015-04-07 20:49:21','/boi_bank/administrador/logout.php','pruebas@adverweb.com','Salida','127.0.0.1','','','',''),(4,'2015-04-09 20:31:35','/boi_bank/administrador/logout.php','pruebas@adverweb.com','Salida','::1','','','',''),(5,'2015-04-14 16:32:25','/boi_bank/administrador/logout.php','pruebas@adverweb.com','Salida','::1','','','',''),(6,'2015-05-06 20:10:43','/boi_bank/administrador/logout.php','pruebas@adverweb.com','Salida','127.0.0.1','','','',''),(7,'2015-05-07 14:08:02','/boi_bank/administrador/logout.php','pruebas@adverweb.com','Salida','127.0.0.1','','','',''),(8,'2015-05-07 14:08:02','/boi_bank/administrador/logout.php','-1','Salida','127.0.0.1','','','',''),(9,'2015-05-07 14:08:02','/boi_bank/administrador/logout.php','-1','Salida','127.0.0.1','','','',''),(10,'2015-05-07 14:08:03','/boi_bank/administrador/logout.php','-1','Salida','127.0.0.1','','','',''),(11,'2015-05-18 13:33:11','/boi_bank/administrador/login.php','pruebas@adverweb.com','Ingreso','127.0.0.1','','','',''),(12,'2015-05-18 20:15:01','/boi_bank/administrador/logout.php','pruebas@adverweb.com','Salida','::1','','','',''),(13,'2015-05-18 20:15:09','/boi_bank/administrador/login.php','pruebas@adverweb.com','Ingreso','::1','','','',''),(14,'2015-05-18 20:20:02','/boi_bank/administrador/logout.php','pruebas@adverweb.com','Salida','::1','','','',''),(15,'2015-05-19 18:58:27','/boi_bank/administrador/login.php','pruebas@adverweb.com','Ingreso','::1','','','',''),(16,'2015-05-20 13:49:22','/boi_bank/administrador/login.php','pruebas@adverweb.com','Ingreso','192.168.1.173','','','',''),(17,'2015-05-20 18:21:41','/boi_bank/administrador/logout.php','pruebas@adverweb.com','Salida','192.168.1.173','','','',''),(18,'2015-05-20 18:21:45','/boi_bank/administrador/logout.php','-1','Salida','192.168.1.173','','','',''),(19,'2015-05-20 19:16:49','/boi_bank/administrador/login.php','pruebas@adverweb.com','Ingreso','127.0.0.1','','','',''),(20,'2015-05-20 20:30:35','/boi_bank/administrador/logout.php','pruebas@adverweb.com','Salida','::1','','','',''),(21,'2015-05-20 20:30:47','/boi_bank/administrador/login.php','pruebas@adverweb.com','Ingreso','::1','','','',''),(22,'2015-05-21 13:31:42','/boi_bank/administrador/login.php','pruebas@adverweb.com','Ingreso','127.0.0.1','','','',''),(23,'2015-05-22 13:28:26','/boi_bank/administrador/logout.php','pruebas@adverweb.com','Salida','::1','','','',''),(24,'2015-05-22 13:28:36','/boi_bank/administrador/login.php','pruebas@adverweb.com','Ingreso','::1','','','',''),(25,'2015-05-22 13:29:56','/boi_bank_new/administrador/login.php','pruebas@adverweb.com','Ingreso','127.0.0.1','','','',''),(26,'2015-05-22 16:27:59','/boi_bank/administrador/login.php','pruebas@adverweb.com','Ingreso','::1','','','',''),(27,'2015-05-27 18:05:27','/boi_bank/administrador/login.php','pruebas@adverweb.com','Ingreso','::1','','','',''),(28,'2015-05-27 18:27:01','/boi_bank/administrador/login.php','pruebas@adverweb.com','Ingreso','186.95.107.170','','','',''),(29,'2015-05-27 20:00:43','/boi_bank/administrador/login.php','pruebas@adverweb.com','Ingreso','186.95.107.170','','','',''),(30,'2015-05-28 13:29:31','/boi_bank/administrador/login.php','pruebas@adverweb.com','Ingreso','186.95.107.170','','','',''),(31,'2015-05-28 14:56:16','/boi_bank/administrador/logout.php','pruebas@adverweb.com','Salida','186.95.107.170','','','',''),(32,'2015-05-28 18:58:04','/boi_bank/administrador/login.php','pruebas@adverweb.com','Ingreso','200.59.185.165','','','',''),(33,'2015-05-28 21:08:33','/boi_bank/administrador/logout.php','pruebas@adverweb.com','Salida','200.59.185.165','','','',''),(34,'2015-05-29 13:17:21','/boi_bank/administrador/login.php','pruebas@adverweb.com','Ingreso','::1','','','',''),(35,'2015-05-29 19:35:34','/boi_bank/administrador/login.php','pruebas@adverweb.com','Ingreso','186.95.107.170','','','',''),(36,'2015-06-02 14:02:05','/boi_bank/administrador/login.php','pruebas@adverweb.com','Ingreso','186.95.107.170','','','',''),(37,'2015-06-03 13:08:44','/boi_bank/administrador/login.php','pruebas@adverweb.com','Ingreso','186.95.107.170','','','',''),(38,'2015-06-03 13:23:13','/boi_bank/administrador/login.php','pruebas@adverweb.com','Ingreso','186.95.107.170','','','',''),(39,'2015-06-03 14:21:56','/boi_bank/administrador/login.php','pruebas@adverweb.com','Ingreso','186.95.107.170','','','',''),(40,'2015-06-09 13:38:58','/boi_bank/administrador/login.php','pruebas@adverweb.com','Ingreso','186.95.107.170','','','',''),(41,'2015-06-09 15:46:21','/boi_bank/administrador/login.php','pruebas@adverweb.com','Ingreso','186.95.107.170','','','',''),(42,'2015-06-09 17:36:45','/boi_bank/administrador/login.php','pruebas@adverweb.com','Ingreso','186.95.107.170','','','',''),(43,'2015-06-10 19:35:16','/boi_bank/administrador/login.php','pruebas@adverweb.com','Ingreso','186.95.107.170','','','',''),(44,'2015-06-11 16:31:19','/boi_bank/administrador/login.php','pruebas@adverweb.com','Ingreso','186.95.107.170','','','','');
/*!40000 ALTER TABLE `audittrail` ENABLE KEYS */;
UNLOCK TABLES;

--
-- Table structure for table `banner`
--

DROP TABLE IF EXISTS `banner`;
/*!40101 SET @saved_cs_client     = @@character_set_client */;
/*!40101 SET character_set_client = utf8 */;
CREATE TABLE `banner` (
  `id_banner` int(11) NOT NULL AUTO_INCREMENT,
  `nombre` varchar(45) NOT NULL,
  `imagen` varchar(45) NOT NULL,
  `estatus` int(11) NOT NULL,
  `orden` int(11) NOT NULL,
  `pie_imagen` varchar(120) DEFAULT NULL,
  `id_posicion` int(11) NOT NULL,
  `id_idioma` int(11) NOT NULL,
  `link` varchar(250) DEFAULT NULL,
  `tipo` tinyint(1) NOT NULL,
  `imagen_640` varchar(45) NOT NULL,
  `imagen_320` varchar(45) NOT NULL,
  PRIMARY KEY (`id_banner`),
  KEY `banner_posicion_idx` (`id_posicion`),
  KEY `banner_idioma_idx` (`id_idioma`),
  CONSTRAINT `banner_idioma` FOREIGN KEY (`id_idioma`) REFERENCES `idioma` (`ididioma`) ON DELETE NO ACTION ON UPDATE NO ACTION,
  CONSTRAINT `banner_posicion` FOREIGN KEY (`id_posicion`) REFERENCES `banner_posicion` (`id_posicion`) ON DELETE NO ACTION ON UPDATE NO ACTION
) ENGINE=InnoDB AUTO_INCREMENT=106 DEFAULT CHARSET=latin1 ROW_FORMAT=COMPACT;
/*!40101 SET character_set_client = @saved_cs_client */;

--
-- Dumping data for table `banner`
--

LOCK TABLES `banner` WRITE;
/*!40000 ALTER TABLE `banner` DISABLE KEYS */;
INSERT INTO `banner` VALUES (101,'Banner TDC','interna_tdc_1200.png',1,1,NULL,8,1,NULL,1,'interna_tdc_640.png','banner_interna_320.jpg'),(102,'Banner Encuesta','banner_encuesta.jpg',1,1,NULL,11,1,NULL,1,'banner_encuesta.jpg','banner_encuesta.jpg'),(103,'Banner Encuesta (EN)','banner_encuesta(3).jpg',1,1,NULL,11,2,NULL,0,'banner_encuesta(3).jpg','banner_encuesta(3).jpg'),(105,'Banner Home','af_bannercentrtdcchipboibank-1200x400.jpg',1,1,NULL,9,1,NULL,0,'af_bannercentrtdcchipboibank-640x330.jpg','af_bannercentrtdcchipboibank-320x160.jpg');
/*!40000 ALTER TABLE `banner` ENABLE KEYS */;
UNLOCK TABLES;

--
-- Table structure for table `banner_contenido`
--

DROP TABLE IF EXISTS `banner_contenido`;
/*!40101 SET @saved_cs_client     = @@character_set_client */;
/*!40101 SET character_set_client = utf8 */;
CREATE TABLE `banner_contenido` (
  `id_banner_contenido` int(11) NOT NULL AUTO_INCREMENT,
  `id_contenido` int(11) NOT NULL,
  `id_banner` int(11) NOT NULL,
  PRIMARY KEY (`id_banner_contenido`),
  KEY `banner_cont_idx` (`id_contenido`),
  KEY `banner_banner_idx` (`id_banner`),
  CONSTRAINT `banner_banner` FOREIGN KEY (`id_banner`) REFERENCES `banner` (`id_banner`) ON DELETE NO ACTION ON UPDATE NO ACTION,
  CONSTRAINT `banner_cont` FOREIGN KEY (`id_contenido`) REFERENCES `contenidos` (`id_contenido`) ON DELETE NO ACTION ON UPDATE NO ACTION
) ENGINE=InnoDB AUTO_INCREMENT=3 DEFAULT CHARSET=latin1;
/*!40101 SET character_set_client = @saved_cs_client */;

--
-- Dumping data for table `banner_contenido`
--

LOCK TABLES `banner_contenido` WRITE;
/*!40000 ALTER TABLE `banner_contenido` DISABLE KEYS */;
INSERT INTO `banner_contenido` VALUES (2,131,101);
/*!40000 ALTER TABLE `banner_contenido` ENABLE KEYS */;
UNLOCK TABLES;

--
-- Table structure for table `banner_posicion`
--

DROP TABLE IF EXISTS `banner_posicion`;
/*!40101 SET @saved_cs_client     = @@character_set_client */;
/*!40101 SET character_set_client = utf8 */;
CREATE TABLE `banner_posicion` (
  `id_posicion` int(11) NOT NULL AUTO_INCREMENT,
  `posicion` varchar(255) NOT NULL,
  PRIMARY KEY (`id_posicion`)
) ENGINE=InnoDB AUTO_INCREMENT=12 DEFAULT CHARSET=latin1 ROW_FORMAT=COMPACT;
/*!40101 SET character_set_client = @saved_cs_client */;

--
-- Dumping data for table `banner_posicion`
--

LOCK TABLES `banner_posicion` WRITE;
/*!40000 ALTER TABLE `banner_posicion` DISABLE KEYS */;
INSERT INTO `banner_posicion` VALUES (8,'Derecha(Interna)'),(9,'Central(Home)'),(11,'Encuesta');
/*!40000 ALTER TABLE `banner_posicion` ENABLE KEYS */;
UNLOCK TABLES;

--
-- Table structure for table `calendario`
--

DROP TABLE IF EXISTS `calendario`;
/*!40101 SET @saved_cs_client     = @@character_set_client */;
/*!40101 SET character_set_client = utf8 */;
CREATE TABLE `calendario` (
  `id_calendario` int(11) NOT NULL AUTO_INCREMENT,
  `tipo` varchar(45) DEFAULT NULL,
  `estatus` int(11) DEFAULT NULL,
  `fecha` datetime DEFAULT NULL,
  `descripcion` varchar(100) DEFAULT NULL,
  `repite` tinyint(1) NOT NULL DEFAULT '0',
  `id_idioma` int(11) DEFAULT NULL,
  PRIMARY KEY (`id_calendario`)
) ENGINE=InnoDB AUTO_INCREMENT=71 DEFAULT CHARSET=latin1 ROW_FORMAT=COMPACT;
/*!40101 SET character_set_client = @saved_cs_client */;

--
-- Dumping data for table `calendario`
--

LOCK TABLES `calendario` WRITE;
/*!40000 ALTER TABLE `calendario` DISABLE KEYS */;
INSERT INTO `calendario` VALUES (20,'2',1,'2015-04-19 00:00:00','Declaración de la Independencia (Venezuela)',1,NULL),(25,'2',1,'2015-07-05 00:00:00','Firma acta de independencia (Venezuela)',1,NULL),(26,'2',1,'2015-07-24 00:00:00','Natalicio de Simón Bolívar (Venezuela)',1,NULL),(32,'2',1,'2015-05-01 00:00:00','Día del trabajador (Venezuela)',1,NULL),(34,'2',1,'2015-01-01 00:00:00','Año Nuevo',1,NULL),(35,'2',1,'2015-02-16 00:00:00','Carnaval',0,NULL),(36,'2',1,'2015-02-17 00:00:00','Carnaval',0,NULL),(37,'2',1,'2015-04-02 00:00:00','Jueves Santo',0,NULL),(38,'2',1,'2015-04-03 00:00:00','Viernes Santo',0,NULL),(40,'2',1,'2015-06-24 00:00:00','Batalla de Carabobo (Venezuela)',1,NULL),(42,'2',1,'2015-10-12 00:00:00','Día de la resistencia indigena (Venezuela)',1,NULL),(43,'2',1,'2015-12-24 00:00:00','Víspera de Navidad',1,NULL),(44,'2',1,'2015-12-25 00:00:00','Navidad',1,NULL),(45,'2',1,'2015-12-31 00:00:00','Fin de año',1,NULL),(55,'2',1,'2015-12-08 00:00:00','Día de la madre (Panamá)',1,NULL),(56,'2',1,'2015-01-09 00:00:00','Día de los Mártires (Panamá)',1,NULL),(57,'2',1,'2015-11-03 00:00:00','Separación de Panamá de Colombia (Panamá)',1,NULL),(58,'2',1,'2015-11-04 00:00:00','Día de los Símbolos Patrios (Panamá)',1,NULL),(59,'2',1,'2015-11-05 00:00:00','Conmemoración ciudad de Colón (Panamá)',1,NULL),(60,'2',1,'2015-11-10 00:00:00','Grito de idenpendencia Villa de Los Santos (Panamá)',1,NULL),(61,'2',1,'2015-11-28 00:00:00','Independencia Panamá de España (Panamá)',1,NULL),(63,'1',1,'2015-01-05 00:00:00','Día de Reyes',0,NULL),(64,'1',1,'2015-05-18 00:00:00','Ascención del Señor',0,NULL),(65,'1',1,'2015-06-08 00:00:00','Corpus Christi',0,NULL),(66,'1',1,'2015-12-07 00:00:00','Día de la Inmaculada Concepción',0,NULL),(67,'1',1,'2015-03-19 00:00:00','San José',1,NULL),(68,'1',1,'2015-06-29 00:00:00','Día de San Pedro y San Pablo',1,NULL),(69,'1',1,'2015-08-15 00:00:00','Asunción de Nuestra Señora',1,NULL),(70,'1',1,'2015-11-01 00:00:00','Día de Todos los Santos',1,NULL);
/*!40000 ALTER TABLE `calendario` ENABLE KEYS */;
UNLOCK TABLES;

--
-- Table structure for table `categoria_faq`
--

DROP TABLE IF EXISTS `categoria_faq`;
/*!40101 SET @saved_cs_client     = @@character_set_client */;
/*!40101 SET character_set_client = utf8 */;
CREATE TABLE `categoria_faq` (
  `id_categoria_faq` int(11) NOT NULL AUTO_INCREMENT,
  `categoria` varchar(100) NOT NULL,
  `id_idioma` int(11) NOT NULL,
  `orden` int(11) NOT NULL,
  `estatus` tinyint(4) NOT NULL,
  PRIMARY KEY (`id_categoria_faq`),
  KEY `cat_faq_idioma_idx` (`id_idioma`),
  CONSTRAINT `cat_faq_idioma` FOREIGN KEY (`id_idioma`) REFERENCES `idioma` (`ididioma`) ON DELETE NO ACTION ON UPDATE NO ACTION
) ENGINE=InnoDB AUTO_INCREMENT=4 DEFAULT CHARSET=latin1;
/*!40101 SET character_set_client = @saved_cs_client */;

--
-- Dumping data for table `categoria_faq`
--

LOCK TABLES `categoria_faq` WRITE;
/*!40000 ALTER TABLE `categoria_faq` DISABLE KEYS */;
INSERT INTO `categoria_faq` VALUES (1,'Acerca del Banco',1,1,1),(2,'Productos y Servicios',1,2,1),(3,'Página Web',1,3,1);
/*!40000 ALTER TABLE `categoria_faq` ENABLE KEYS */;
UNLOCK TABLES;

--
-- Table structure for table `contenidos`
--

DROP TABLE IF EXISTS `contenidos`;
/*!40101 SET @saved_cs_client     = @@character_set_client */;
/*!40101 SET character_set_client = utf8 */;
CREATE TABLE `contenidos` (
  `id_contenido` int(11) NOT NULL AUTO_INCREMENT,
  `id_herramienta_financiera` int(11) DEFAULT NULL,
  `contenido` text,
  `resumen` text,
  `estatus` int(11) NOT NULL,
  `titulo` varchar(100) NOT NULL,
  `edicion` int(11) DEFAULT NULL,
  `id_idioma` int(11) NOT NULL,
  `tipo_ventana` int(11) NOT NULL,
  `icono` varchar(100) DEFAULT NULL,
  PRIMARY KEY (`id_contenido`),
  KEY `id_herramienta_financiera` (`id_herramienta_financiera`),
  KEY `cont_idioma_idx` (`id_idioma`),
  CONSTRAINT `cont_idioma` FOREIGN KEY (`id_idioma`) REFERENCES `idioma` (`ididioma`) ON DELETE NO ACTION ON UPDATE NO ACTION
) ENGINE=InnoDB AUTO_INCREMENT=187 DEFAULT CHARSET=latin1;
/*!40101 SET character_set_client = @saved_cs_client */;

--
-- Dumping data for table `contenidos`
--

LOCK TABLES `contenidos` WRITE;
/*!40000 ALTER TABLE `contenidos` DISABLE KEYS */;
INSERT INTO `contenidos` VALUES (125,NULL,'<p>\r\n	BOI Bank es un Banco Internacional con una red global de servicios financieros. Fue fundado en marzo de 1994 y se encuentra domiciliado en Antigua.</p>\r\n<p>\r\n	BOI Bank posee un liderazgo arraigado dentro de los pa&iacute;ses de Latinoam&eacute;rica y el Caribe. Su sede principal se encuentra en la capital de Antigua, Saint John&acute;s. Su equipo de ejecutivos se traslada constantemente alrededor de diferentes pa&iacute;ses, creando una satisfacci&oacute;n a nuestros clientes que va m&aacute;s all&aacute; de la relaci&oacute;n de actividades tradicionales de banca privada.</p>\r\n<p>\r\n	Los valores de BOI Bank se fundamentan en la seguridad y confidencialidad de nuestros clientes; su tranquilidad y su confianza son nuestras prioridades. Cuidamos cada detalle para que usted se sienta en familia, protegido y en un ambiente estable.</p>\r\n<p>\r\n	Nuestros servicios financieros hacen de BOI Bank una organizaci&oacute;n que integra protecci&oacute;n y tecnolog&iacute;a para que nuestros clientes realicen sus operaciones y consultas de manera c&oacute;moda, r&aacute;pida y segura.</p>\r\n<p>\r\n	El profesionalismo es lo que caracteriza a nuestro personal altamente capacitado, comprometido con sus necesidades y requerimientos, para brindarle protecci&oacute;n y apoyo al momento de realizar sus inversiones con nuestra organizaci&oacute;n.</p>\r\n<p>\r\n	Nuestra pol&iacute;tica de Atenci&oacute;n Personalizada e Individual, le permite consultar con nuestros expertos y ejecutivos de cuenta para realizar cualquier movimiento, transacci&oacute;n o negocio.</p>\r\n<p>\r\n	En el a&ntilde;o 2013 obtuvo un merecido galard&oacute;n &ldquo;World Finance Banking Awards&rdquo;, un premio anual que concede la revista brit&aacute;nica World Finance, especializada en periodismo financiero y de negocios.</p>','BOI Bank Corporation.',1,'Acerca del banco',1,1,1,NULL),(126,NULL,'<p>\r\n	<strong>Direcci&oacute;n:</strong></p>\r\n<p>\r\n	Village Walk Commercial Center,</p>\r\n<p>\r\n	Suite #206, 1st Floor,</p>\r\n<p>\r\n	Friar&acute;s Hill Road, St.</p>\r\n<p>\r\n	John&acute;s&nbsp; Antigua</p>\r\n<p>\r\n	&nbsp;</p>\r\n<p>\r\n	<strong>Tel&eacute;fono: </strong></p>\r\n<p>\r\n	1 268 5624471</p>\r\n<p>\r\n	<strong>Fax:</strong> 1 268 5624470</p>\r\n<p>\r\n	<strong>Web:</strong></p>\r\n<p>\r\n	&nbsp;<a href=\"mailto:info@boibank.com\">www.boibank.com</a></p>\r\n<p>\r\n	&nbsp;</p>\r\n<p>\r\n	<strong>Email:</strong></p>\r\n<ul>\r\n	<li>\r\n		Solicitud de informaci&oacute;n: <a href=\"mailto:info@boibank.com\">info@boibank.com</a></li>\r\n	<li>\r\n		Activaci&oacute;n de usuario o regeneraci&oacute;n de contrase&ntilde;a: &nbsp; &nbsp; &nbsp; &nbsp;<a href=\"mailto:callcenter1@boibank.com\">callcenter1@boibank.com</a>&nbsp;o <a href=\"mailto:callcenter2@boibank.com\">callcenter2@boibank.com</a></li>\r\n	<li>\r\n		Aperturas de cuenta: <a href=\"mailto:contactodirecto@boibank.com\">contactodirecto@boibank.com</a>&nbsp; &nbsp;</li>\r\n</ul>\r\n<p>\r\n	&nbsp;</p>\r\n<p>\r\n	<strong>Nota: </strong>Ante cualquier solicitud o requerimiento favor enviar los siguientes datos: Nro. de c&eacute;dula de identidad, nombre, apellido,&nbsp; usuario, n&uacute;mero de contacto y ubicaci&oacute;n geogr&aacute;fica.</p>\r\n<p>\r\n	&nbsp;</p>',NULL,1,'Dónde estamos',1,1,1,NULL),(127,NULL,'<p>\r\n	<strong>Cuenta de Ahorros (Savings Account)</strong></p>\r\n<p>\r\n	La Cuenta de Ahorros en d&oacute;lares del BOI Bank se maneja a trav&eacute;s de transferencias. Ofrece una tasa de inter&eacute;s fija mensual competitiva, pagadera el &uacute;ltimo d&iacute;a h&aacute;bil del mes.</p>\r\n<p>\r\n	&nbsp;</p>\r\n<p>\r\n	<strong>Certificados de Dep&oacute;sito</strong></p>\r\n<p>\r\n	Los Certificados de Dep&oacute;sito de BOI Bank facilitan una oportunidad de inversi&oacute;n segura con atractivos rendimientos.</p>\r\n<p>\r\n	&nbsp;</p>\r\n<p>\r\n	<strong>Tarjetas de Cr&eacute;dito</strong></p>\r\n<p>\r\n	BOI Bank le ofrece las tarjetas de cr&eacute;dito American Express Gold o Platinum y Visa Platinum con s&oacute;lo abrir un Certificado de Dep&oacute;sito.</p>\r\n<p style=\"margin-left: 40px;\">\r\n	<strong><img src=\"images/check_li.png\" style=\"width: 13px; height: 13px;\" /> Tarjeta de Cr&eacute;dito Visa Platinum BOI Bank Corporation</strong></p>\r\n<p style=\"margin-left: 40px;\">\r\n	BOI Bank pone a su disposici&oacute;n la tarjeta de cr&eacute;dito Visa Platinum BOI Bank, una tarjeta internacional que le da acceso al comercio Mundial de manera segura y con una l&iacute;nea de cr&eacute;dito a 18 meses a la mejor tasa de inter&eacute;s.</p>\r\n<p style=\"margin-left: 40px;\">\r\n	<strong><img src=\"images/check_li.png\" style=\"width: 13px; height: 13px;\" /></strong><strong>Tarjeta de Cr&eacute;dito Garantizada American Express</strong></p>\r\n<p style=\"margin-left: 40px;\">\r\n	BOI Bank le ofrece una tarjeta de cr&eacute;dito American Express Gold o Platinum con s&oacute;lo abrir un Certificado de Dep&oacute;sito. Es una tarjeta internacional que le da acceso al comercio mundial de manera segura.</p>\r\n<p style=\"margin-left: 40px;\">\r\n	&nbsp;</p>\r\n<p>\r\n	<strong>Otros Servicios:</strong></p>\r\n<p>\r\n	BOI Bank ofrece los siguientes servicios:</p>\r\n<ul>\r\n	<li style=\"margin-left: 0.5in;\">\r\n		Custodia de T&iacute;tulos Valores.</li>\r\n	<li style=\"margin-left: 0.5in;\">\r\n		Back to Back.</li>\r\n	<li style=\"margin-left: 0.5in;\">\r\n		Stand By.</li>\r\n	<li style=\"margin-left: 0.5in;\">\r\n		Atenci&oacute;n personalizada.</li>\r\n	<li style=\"margin-left: 0.5in;\">\r\n		Atenci&oacute;n&nbsp; a trav&eacute;s del Call Center las 24 horas del d&iacute;a, los 7 d&iacute;as de la semana, los 365 d&iacute;as del a&ntilde;o.</li>\r\n	<li style=\"margin-left: 0.5in;\">\r\n		Elaboraci&oacute;n de Portafolio.</li>\r\n</ul>\r\n<p>\r\n	&nbsp;</p>',NULL,1,'Productos financieros',1,1,1,NULL),(129,NULL,'<p>\r\n	La cuenta de ahorros en d&oacute;lares del BOI Bank se maneja a trav&eacute;s de transferencias. Ofrece una tasa de inter&eacute;s fija mensual competitiva, pagadera el &uacute;ltimo d&iacute;a h&aacute;bil del mes.</p>\r\n<p>\r\n	<strong>Beneficios:</strong></p>\r\n<ul>\r\n	<li>\r\n		Permite tener m&aacute;s de un beneficiario.</li>\r\n	<li>\r\n		Retiros ilimitados.</li>\r\n	<li>\r\n		Consulta de cuentas v&iacute;a internet.</li>\r\n	<li>\r\n		Tasas de intereses atractivas acorde al monto de su inversi&oacute;n.</li>\r\n	<li>\r\n		Acceso al sistema de consulta a trav&eacute;s de www.boibank.com</li>\r\n	<li>\r\n		Env&iacute;o de transferencias dentro y fuera de los Estados Unidos en la moneda que usted desee.</li>\r\n</ul>\r\n<p>\r\n	<strong>Requisitos:</strong></p>\r\n<ul>\r\n	<li>\r\n		Disponer de los recaudos m&iacute;nimos exigidos. Para consultar cuales son estos recaudos haga <a href=\"p_contenido.php?id=43&amp;idc=180\">clic aqu&iacute;</a><a href=\"http://www.adverweb.com/BOI_bank/site/p_contenido.php?id=43&amp;idc=180\">.</a></li>\r\n	<li>\r\n		Completar los formularios: Registro de firmas, ficha de identificaci&oacute;n, declaraci&oacute;n jurada del origen y destino de los fondos. Para consultar los formularios y los pasos a seguir haga &nbsp;<a href=\"p_contenido.php?id=43&amp;idc=182\">clic aqu&iacute;</a><a href=\"http://www.adverweb.com/BOI_bank/site/p_contenido.php?id=43&amp;idc=180\">.</a></li>\r\n</ul>\r\n<div>\r\n	&nbsp;</div>',NULL,1,'Cuenta de Ahorros',1,1,1,NULL),(130,NULL,'<p>\r\n	Los Certificados de Dep&oacute;sito de BOI Bank facilitan una oportunidad de inversi&oacute;n segura con atractivos rendimientos.</p>\r\n<p>\r\n	<strong>Beneficios:</strong></p>\r\n<ul>\r\n	<li>\r\n		Tasa de inter&eacute;s atractiva, con pago de intereses a convenir seg&uacute;n el plazo de su inversi&oacute;n (desde 30 hasta 365 d&iacute;as).</li>\r\n	<li>\r\n		Funcionamiento de Certificados de Dep&oacute;sito como colateral para la obtenci&oacute;n de financiamiento.</li>\r\n	<li>\r\n		Permite tener m&aacute;s de un beneficiario.</li>\r\n	<li>\r\n		Posibilidad de renovaci&oacute;n autom&aacute;tica y capitalizaci&oacute;n de intereses.</li>\r\n	<li>\r\n		Consulta de inversiones v&iacute;a Internet.</li>\r\n	<li>\r\n		Capacidad de inversi&oacute;n en d&oacute;lares y euros.</li>\r\n</ul>\r\n<p>\r\n	<strong>Requisitos:</strong></p>\r\n<ul>\r\n	<li>\r\n		Poseer o abrir una cuenta al momento de pactar la negociaci&oacute;n.</li>\r\n</ul>',NULL,1,'Certificado de Depósito',1,1,1,NULL),(131,NULL,'<p>BOI Bank le ofrece las tarjetas de cr&eacute;dito American Express Gold o Platinum y Visa Platinum con s&oacute;lo abrir un Certificado de Dep&oacute;sito.</p>\r\n\r\n<p><strong>Tarjeta de Cr&eacute;dito Visa Platinum BOI Bank Corporation</strong></p>\r\n\r\n<p>BOI Bank pone a su disposici&oacute;n la tarjeta de cr&eacute;dito Visa Platinum BOI Bank, una tarjeta internacional que le da acceso al comercio Mundial de manera segura y con una l&iacute;nea de cr&eacute;dito a 18 meses a la mejor tasa de inter&eacute;s.</p>\r\n\r\n<p><strong>Beneficios:</strong></p>\r\n\r\n<ul>\r\n	<li>Adelanto de efectivo en cajeros ATM asociados a la red de servicios VISA en cualquier pa&iacute;s del mundo.</li>\r\n	<li>Posibilidad de emitir tarjetas de cr&eacute;dito adicionales a familiares directos, con manejo de l&iacute;mite de cr&eacute;dito independiente.</li>\r\n	<li>Consultas en l&iacute;nea de consumos v&iacute;a internet.</li>\r\n	<li>Seguro contra robo, extrav&iacute;o, fraude y atraco en cajeros ATM y beneficios propios de la marca.</li>\r\n	<li>Call Center a nivel internacional para solucionar cualquier inconveniente que se le presente.</li>\r\n</ul>\r\n\r\n<div>&nbsp;</div>\r\n\r\n<p><strong>Tarjeta de Cr&eacute;dito Garantizada American Express</strong></p>\r\n\r\n<p>BOI Bank le ofrece una tarjeta de cr&eacute;dito American Express Gold o Platinum con s&oacute;lo abrir un Certificado de Dep&oacute;sito. Es una tarjeta internacional que le da acceso al comercio mundial de manera segura.</p>\r\n\r\n<p><strong>Beneficios:</strong></p>\r\n\r\n<ul>\r\n	<li>Usted determina su l&iacute;mite de cr&eacute;dito en d&oacute;lares.</li>\r\n	<li>Tarjetas de cr&eacute;dito v&aacute;lidas a nivel internacional.</li>\r\n	<li>Todas las ventajas de poseer una tarjeta de cr&eacute;dito American Express.</li>\r\n</ul>\r\n\r\n<p>&nbsp;</p>\r\n\r\n<p><span class=\"texto_azul_claro19\">Activaci&oacute;n de Tarjetas de Cr&eacute;dito</span></p>\r\n\r\n<p><strong>Para activar su TDC</strong> por primera vez y por reposici&oacute;n de pl&aacute;stico debe llamar a los siguientes n&uacute;meros:</p>\r\n\r\n<p><strong>Fuera de los Estados Unidos: </strong>1 260 846 0537</p>\r\n\r\n<p><strong>Dentro de los Estados Unidos:</strong> &nbsp;800 778 9924</p>\r\n\r\n<p>Para notificaci&oacute;n de uso de la tarjeta por viaje y/o compra por internet debe enviar un correo a la siguiente direcci&oacute;n: <strong>callcenter@boibank.com</strong></p>',NULL,1,'Tarjetas de Crédito',1,1,1,NULL),(132,NULL,'<p>\r\n	BOI Bank ofrece los siguientes servicios:</p>\r\n<ul>\r\n	<li>\r\n		Custodia de T&iacute;tulos Valores.</li>\r\n	<li>\r\n		Back to Back.</li>\r\n	<li>\r\n		Stand By.</li>\r\n	<li>\r\n		Atenci&oacute;n personalizada.</li>\r\n	<li>\r\n		Atenci&oacute;n&nbsp; a trav&eacute;s del Call Center las 24 horas del d&iacute;a, los 7 d&iacute;as de la semana, los 365 d&iacute;as del a&ntilde;o.</li>\r\n	<li>\r\n		Elaboraci&oacute;n de Portafolio.</li>\r\n</ul>',NULL,1,'Otros Servicios',1,1,1,NULL),(133,NULL,'<div>&nbsp;</div>\r\n\r\n<div>\r\n<table align=\"left\" border=\"0\" cellpadding=\"1\" cellspacing=\"1\" width=\"100%\">\r\n	<tbody>\r\n		<tr>\r\n			<td style=\"  padding-top: 10px;\">Ficha de identificaci&oacute;n (Persona natural).&nbsp;</td>\r\n			<td valign=\"midle\">\r\n			<p style=\"text-align: center;\"><a download=\"\" href=\"../administrador/uploads/documentos/ficha_nat.pdf\" target=\"_blank\"><img height=\"31\" src=\"/boi_bank/administrador/uploads/contenidos/images/file_d.png\" width=\"31\" /></a></p>\r\n			</td>\r\n		</tr>\r\n		<tr>\r\n			<td colspan=\"2\">\r\n			<p><img height=\"2\" src=\"/boi_bank/administrador/uploads/contenidos/images/punto_gris.gif\" width=\"100%\" /></p>\r\n			</td>\r\n		</tr>\r\n		<tr>\r\n			<td style=\"  padding-top: 10px;\">Ficha de identificaci&oacute;n (Persona jur&iacute;dica).&nbsp;</td>\r\n			<td>\r\n			<p style=\"text-align: center;\"><a download=\"\" href=\"../administrador/uploads/documentos/ficha_ju.pdf\" target=\"_blank\"><img height=\"31\" src=\"/boi_bank/administrador/uploads/contenidos/images/file_d.png\" width=\"31\" /></a></p>\r\n			</td>\r\n		</tr>\r\n		<tr>\r\n			<td colspan=\"2\">\r\n			<p><img height=\"2\" src=\"/boi_bank/administrador/uploads/contenidos/images/punto_gris.gif\" width=\"100%\" /></p>\r\n			</td>\r\n		</tr>\r\n		<tr>\r\n			<td style=\"  padding-top: 10px;\">Registro de firmas.</td>\r\n			<td>\r\n			<p style=\"text-align: center;\"><a download=\"\" href=\"../administrador/uploads/documentos/regfirmas.pdf\" target=\"_blank\"><img height=\"31\" src=\"/boi_bank/administrador/uploads/contenidos/images/file_d.png\" width=\"31\" /></a></p>\r\n			</td>\r\n		</tr>\r\n		<tr>\r\n			<td colspan=\"2\">\r\n			<p><img height=\"2\" src=\"/boi_bank/administrador/uploads/contenidos/images/punto_gris.gif\" width=\"100%\" /></p>\r\n			</td>\r\n		</tr>\r\n		<tr>\r\n			<td style=\"  padding-top: 10px;\">Declaraci&oacute;n jurada del origen y destino de los fondos (Persona natural).</td>\r\n			<td>\r\n			<p style=\"text-align: center;\"><a download=\"\" href=\"../administrador/uploads/documentos/declaracion_nat.pdf.pdf\" target=\"_blank\"><img height=\"31\" src=\"/boi_bank/administrador/uploads/contenidos/images/file_d.png\" width=\"31\" /></a></p>\r\n			</td>\r\n		</tr>\r\n		<tr>\r\n			<td colspan=\"2\">\r\n			<p><img height=\"2\" src=\"/boi_bank/administrador/uploads/contenidos/images/punto_gris.gif\" width=\"100%\" /></p>\r\n			</td>\r\n		</tr>\r\n		<tr>\r\n			<td style=\"  padding-top: 10px;\">Declaraci&oacute;n jurada del origen y destino de los fondos &nbsp;(Persona jur&iacute;dica).</td>\r\n			<td>\r\n			<p style=\"text-align: center;\"><a download=\"\" href=\"../administrador/uploads/documentos/declaracion_ju.pdf\" target=\"_blank\"><img height=\"31\" src=\"/boi_bank/administrador/uploads/contenidos/images/file_d.png\" width=\"31\" /></a></p>\r\n			</td>\r\n		</tr>\r\n		<tr>\r\n			<td colspan=\"2\">\r\n			<p><img height=\"2\" src=\"/boi_bank/administrador/uploads/contenidos/images/punto_gris.gif\" width=\"100%\" /></p>\r\n			</td>\r\n		</tr>\r\n		<tr>\r\n			<td style=\"  padding-top: 10px;\">Declaraci&oacute;n de Beneficiario final.</td>\r\n			<td>\r\n			<p style=\"text-align: center;\"><a download=\"\" href=\"../administrador/uploads/documentos/beneficiariofinal.pdf\" target=\"_blank\"><img height=\"31\" src=\"/boi_bank/administrador/uploads/contenidos/images/file_d.png\" width=\"31\" /></a></p>\r\n			</td>\r\n		</tr>\r\n		<tr>\r\n			<td colspan=\"2\">\r\n			<p><img height=\"2\" src=\"/boi_bank/administrador/uploads/contenidos/images/punto_gris.gif\" width=\"100%\" /></p>\r\n			</td>\r\n		</tr>\r\n		<tr>\r\n			<td style=\"  padding-top: 10px;\">Solicitud de modificaci&oacute;n de los firmantes en una cuenta.</td>\r\n			<td>\r\n			<p style=\"text-align: center;\"><a download=\"\" href=\"../administrador/uploads/documentos/modificacionfirmantes.pdf\" style=\"font-size: 11.9999990463257px;\" target=\"_blank\"><img height=\"31\" src=\"/boi_bank/administrador/uploads/contenidos/images/file_d.png\" width=\"31\" /></a></p>\r\n			</td>\r\n		</tr>\r\n		<tr>\r\n			<td colspan=\"2\">\r\n			<p><img height=\"2\" src=\"/boi_bank/administrador/uploads/contenidos/images/punto_gris.gif\" width=\"100%\" /></p>\r\n			</td>\r\n		</tr>\r\n		<tr>\r\n			<td style=\"  padding-top: 10px;\">Formato de cuenta inactiva.</td>\r\n			<td>\r\n			<p style=\"text-align: center;\"><a download=\"\" href=\"../administrador//uploads/documentos/cuentainactiva.pdf\" style=\"font-size: 11.9999990463257px;\" target=\"_blank\"><img height=\"31\" src=\"/boi_bank/administrador/uploads/contenidos/images/file_d.png\" width=\"31\" /></a></p>\r\n			</td>\r\n		</tr>\r\n		<tr>\r\n			<td colspan=\"2\">\r\n			<p><img height=\"2\" src=\"/boi_bank/administrador/uploads/contenidos/images/punto_gris.gif\" width=\"100%\" /></p>\r\n			</td>\r\n		</tr>\r\n		<tr>\r\n			<td style=\"  padding-top: 10px;\">Env&iacute;o de transferencias.</td>\r\n			<td>\r\n			<p style=\"text-align: center;\"><a download=\"\" href=\"../administrador/uploads/documentos/transferencias.pdf\" style=\"font-size: 11.9999990463257px;\" target=\"_blank\"><img height=\"31\" src=\"/boi_bank/administrador/uploads/contenidos/images/file_d.png\" width=\"31\" /></a></p>\r\n			</td>\r\n		</tr>\r\n		<tr>\r\n			<td colspan=\"2\">\r\n			<p><img height=\"2\" src=\"/boi_bank/administrador/uploads/contenidos/images/punto_gris.gif\" width=\"100%\" /></p>\r\n			</td>\r\n		</tr>\r\n		<tr>\r\n			<td style=\"  padding-top: 10px;\">Traspaso entre cuentas.</td>\r\n			<td>\r\n			<p style=\"text-align: center;\"><a download=\"\" href=\"../administrador/uploads/documentos/traspasos.pdf\" style=\"font-size: 11.9999990463257px;\" target=\"_blank\"><img height=\"31\" src=\"/boi_bank/administrador/uploads/contenidos/images/file_d.png\" width=\"31\" /></a></p>\r\n			</td>\r\n		</tr>\r\n		<tr>\r\n			<td colspan=\"2\">\r\n			<p><img height=\"2\" src=\"/boi_bank/administrador/uploads/contenidos/images/punto_gris.gif\" width=\"100%\" /></p>\r\n			</td>\r\n		</tr>\r\n		<tr>\r\n			<td style=\"  padding-top: 10px;\">Solicitud de cancelaci&oacute;n de cuenta.</td>\r\n			<td>\r\n			<p style=\"text-align: center;\"><a download=\"\" href=\"../administrador/uploads/documentos/cancelacioncuenta.pdf\" target=\"_blank\"><img height=\"31\" src=\"/boi_bank/administrador/uploads/contenidos/images/file_d.png\" width=\"31\" /></a></p>\r\n			</td>\r\n		</tr>\r\n		<tr>\r\n			<td colspan=\"2\">\r\n			<p><img height=\"2\" src=\"/boi_bank/administrador/uploads/contenidos/images/punto_gris.gif\" width=\"100%\" /></p>\r\n			</td>\r\n		</tr>\r\n		<tr>\r\n			<td style=\"  padding-top: 10px;\">Solicitud TDC (Persona natural).</td>\r\n			<td>\r\n			<p style=\"text-align: center;\"><a download=\"\" href=\"../administrador/uploads/documentos/solicitud_tdc_nat.pdf.pdf\" target=\"_blank\"><img height=\"31\" src=\"/boi_bank/administrador/uploads/contenidos/images/file_d.png\" width=\"31\" /></a></p>\r\n			</td>\r\n		</tr>\r\n		<tr>\r\n			<td colspan=\"2\">\r\n			<p><img height=\"2\" src=\"/boi_bank/administrador/uploads/contenidos/images/punto_gris.gif\" width=\"100%\" /></p>\r\n			</td>\r\n		</tr>\r\n		<tr>\r\n			<td style=\"  padding-top: 10px;\">Solicitud TDC (Persona jur&iacute;dica).</td>\r\n			<td>\r\n			<p style=\"text-align: center;\"><a download=\"\" href=\"../administrador/uploads/documentos/solicitud_tdc_ju.pdf\" target=\"_blank\"><img height=\"31\" src=\"/boi_bank/administrador/uploads/contenidos/images/file_d.png\" width=\"31\" /></a></p>\r\n			</td>\r\n		</tr>\r\n	</tbody>\r\n</table>\r\n</div>\r\n\r\n<p>&nbsp;</p>',NULL,1,'Formularios',1,1,1,NULL),(134,NULL,'<p>\r\n	<span style=\"font-size: 12px;\">Estimado cliente, por favor comun&iacute;quese con su Ejecutivo o env&iacute;e un correo con los siguientes datos: Nro. de c&eacute;dula de identidad, nombre, apellido, n&uacute;mero de contacto y ubicaci&oacute;n geogr&aacute;fica&nbsp; a la siguiente direcci&oacute;n electr&oacute;nica: </span><a href=\"mailto:info@boibank.com\" style=\"font-size: 12px;\">info@boibank.com</a>&nbsp;<span style=\"font-size: 12px;\">y de forma inmediata ser&aacute; contactado por su Ejecutivo.</span></p>',NULL,1,'Tarifas y Comisiones',1,1,2,'icono_tarifa.jpg'),(135,NULL,'<p>\r\n	<strong>Tel&eacute;fono:</strong><br />\r\n	1 268 5624471</p>\r\n<p>\r\n	&nbsp;</p>\r\n<p>\r\n	<strong>Fax:</strong><br />\r\n	1 268 5624470</p>\r\n<p>\r\n	&nbsp;</p>\r\n<p>\r\n	<strong>Email:</strong><br />\r\n	<u><a href=\"mailto:callcenter1@boibank.com\">callcenter1@boibank.com</a></u><br />\r\n	<u><a href=\"mailto:callcenter2@boibank.com\">callcenter2@boibank.com</a></u>&nbsp;&nbsp;</p>',NULL,1,'Call Center',1,1,1,'icono_call_center.jpg'),(136,NULL,'<p>\r\n	<strong>Proteja su Privacidad</strong></p>\r\n<ul>\r\n	<li>\r\n		Mantenga en secreto su nombre de usuario y contrase&ntilde;a, as&iacute; no correr&aacute; el riesgo de que otras personas tengan acceso a la informaci&oacute;n contenida en sus cuentas.</li>\r\n	<li>\r\n		Evite utilizar las opciones de los navegadores que recuerdan su identificaci&oacute;n (nombre de usuario y contrase&ntilde;a) en los sitios en internet. Estas opciones facilitan la posibilidad de ser v&iacute;ctima de un fraude electr&oacute;nico.</li>\r\n	<li>\r\n		No deje su computadora desatendida mientras se encuentre haciendo uso de los servicios electr&oacute;nicos de su banco, y siempre cierre la pantalla una vez culminadas sus operaciones.</li>\r\n	<li>\r\n		Borre los archivos temporales de internet siempre que salga de los servicios electr&oacute;nicos de su banco, m&aacute;s a&uacute;n cuando se encuentre en un equipo compartido con terceros.</li>\r\n	<li>\r\n		Nunca env&iacute;e informaci&oacute;n confidencial, n&uacute;meros de cuenta de tarjetas, nombres de usuarios y/o contrase&ntilde;as, por medio de correos electr&oacute;nicos.</li>\r\n	<li>\r\n		Revise sus estados de cuenta con frecuencia y reporte inmediatamente cualquier irregularidad.</li>\r\n</ul>\r\n<p>\r\n	<strong>Medidas Preventivas: Acciones contra los Ciber-Ataques</strong></p>\r\n<ul>\r\n	<li>\r\n		Nunca haga clic en enlaces (links) de correos no solicitados especialmente aquellos que le solicitan informaci&oacute;n personal. A&uacute;n si usted no proporciona informaci&oacute;n, el hecho de hacer clic en el enlace puede permitir la instalaci&oacute;n de programas de intrusi&oacute;n que podr&iacute;an grabar sus claves de acceso y causar da&ntilde;os a su computadora.</li>\r\n	<li>\r\n		Escriba la direcci&oacute;n de nuestro sitio web directamente con su teclado en la barra de direcci&oacute;n de su navegador y luego agr&eacute;guela a su lista de favoritos para sesiones futuras.</li>\r\n	<li>\r\n		Cambie su contrase&ntilde;a frecuentemente. Nuestra recomendaci&oacute;n es hacerlo cada dos meses como m&iacute;nimo.</li>\r\n	<li>\r\n		Mantenga actualizado su sistema operativo y navegador de internet, con lo cual podr&aacute; obtener las mejoras de seguridad que los fabricantes incluyen constantemente.</li>\r\n	<li>\r\n		Cree contrase&ntilde;as dif&iacute;ciles de adivinar.</li>\r\n	<li>\r\n		Nuestra recomendaci&oacute;n es crearla con combinaciones de may&uacute;sculas, min&uacute;sculas, n&uacute;meros y caracteres especiales.</li>\r\n	<li>\r\n		No utilice datos como nombres de familiares, fechas de nacimiento, etc.</li>\r\n	<li>\r\n		Aseg&uacute;rese de tener instalado y actualizado un software de antivirus.</li>\r\n	<li>\r\n		Instale un firewall personal, el cual le ayudar&aacute; a evitar el acceso indebido de terceros a su computadora.</li>\r\n	<li>\r\n		No se aparte de su computadora cuando se encuentre realizando transacciones en su banca por internet.</li>\r\n</ul>\r\n<p>\r\n	&nbsp;</p>\r\n<p>\r\n	<strong>Proteja su Computador</strong></p>\r\n<p>\r\n	El uso indebido de internet aumenta la posibilidad de infecci&oacute;n por virus inform&aacute;ticos e infiltraci&oacute;n por programas de intrusi&oacute;n.</p>\r\n<p>\r\n	&nbsp;Los virus inform&aacute;ticos pueden modificar programas y borrar archivos de su m&aacute;quina; los programas de intrusi&oacute;n pueden causar efectos similares, y adem&aacute;s son capaces de grabar las teclas que usted pulsa con la finalidad de obtener informaci&oacute;n confidencial.</p>\r\n<p>\r\n	Le recomendamos que siga las siguientes pr&aacute;cticas:</p>\r\n<ul>\r\n	<li>\r\n		Utilice un firewall, que es un componente de hardware o software que le ayuda a prevenir que intrusos o virus ingresen a su m&aacute;quina.</li>\r\n	<li>\r\n		Actualice los programas en su computadora. Si est&aacute; utilizando cualquiera de los programas de Windows, instale las &uacute;ltimas versiones de seguridad.</li>\r\n	<li>\r\n		Instale un antivirus, que es un programa que lo ayuda a mantener su m&aacute;quina protegida contra, virus inform&aacute;ticos, Caballos de Troya y otros intrusos no deseados.</li>\r\n</ul>\r\n<p>\r\n	Adicionalmente le recomendamos la instalaci&oacute;n del aplicativo Detect Safe Browsing (DSB), el cual evita que abra p&aacute;ginas, campa&ntilde;as o documentos falsos. Al hacer esta instalaci&oacute;n, su equipo y su informaci&oacute;n confidencial quedan blindados dentro de la p&aacute;gina web www.bod.com.ve contra amenazas en l&iacute;nea.</p>\r\n<p>\r\n	Para disponer del aplicativo, desc&aacute;rguelo siguiendo estos sencillos pasos:</p>\r\n<ol type=\"a\">\r\n	<li>\r\n		Ingrese a la p&aacute;gina web www.boibank.com.</li>\r\n	<li>\r\n		Acceda a BOI Bank con su usuario y su clave.</li>\r\n	<li>\r\n		Busque en la barra inferior de la p&aacute;gina el nombre del aplicativo Detect Safe Browsing y haga clic para iniciar la descarga. &Eacute;sta requiere aproximadamente tres (03) minutos para completarse. El tiempo de t&eacute;rmino depende del equipo y del tipo de conexi&oacute;n a internet.</li>\r\n	<li>\r\n		Una vez descargado, aparecer&aacute; el &iacute;cono de aplicaci&oacute;n con la indicaci&oacute;n de que est&aacute; instalada.</li>\r\n	<li>\r\n		Reinicie el equipo.</li>\r\n</ol>\r\n<p>\r\n	Al ingresar a la aplicaci&oacute;n, haga clic en el &iacute;cono Sitios Protegidos. Verifique por favor que la p&aacute;gina www.boibank.com est&eacute; indicada como protegida.</p>\r\n<p>\r\n	Tenga muy en cuenta: Detect Safe Browsing no es un antivirus ni un navegador; s&oacute;lo reconoce cuando usted est&aacute; ingresando a una p&aacute;gina falsa.</p>',NULL,1,'Tips de Seguridad',1,1,1,'icono_tips-seguridad.jpg'),(137,NULL,'<pre data-fulltext=\"\" data-placeholder=\"Translation\" dir=\"ltr\" id=\"tw-target-text\">\r\n</pre>\r\n<div>\r\n	<pre data-fulltext=\"\" data-placeholder=\"Translation\" dir=\"ltr\" id=\"tw-target-text\">\r\n<span style=\"font-family:verdana,geneva,sans-serif;\">BOI Bank is an international bank with a global network of financial services. It was founded in March 1994 and is domiciled in Antigua.</span></pre>\r\n</div>\r\n<div>\r\n	<span style=\"font-family:verdana,geneva,sans-serif;\">BOI Bank has an established leadership within the countries of Latin America and the Caribbean. Its headquarters are in the capital of Antigua, Saint John\'s. Your executive team is constantly moved around different countries, creating customer satisfaction that goes beyond the traditional relationship private banking activities.</span></div>\r\n<div>\r\n	<span style=\"font-family:verdana,geneva,sans-serif;\">BOI Bank values ??are based on the security and confidentiality of our clients; its tranquility and confidence are our priorities. We take care of every detail to make you feel in family, protected and in a stable environment.</span></div>\r\n<div>\r\n	<span style=\"font-family:verdana,geneva,sans-serif;\">Our financial services make BOI Bank an organization that integrates protection and technology for our customers to conduct their transactions and inquiries comfortably, quickly and safely.</span></div>\r\n<div>\r\n	<span style=\"font-family:verdana,geneva,sans-serif;\">Professionalism is what characterizes our highly trained, committed to their needs and requirements, to provide protection and support when making their investments to our organization.</span></div>\r\n<div>\r\n	<span style=\"font-family:verdana,geneva,sans-serif;\">Custom Policies and Individual Attention, allows you to consult with our experts and account executives to make any movement, transaction or business.</span></div>\r\n<div>\r\n	<span style=\"font-family:verdana,geneva,sans-serif;\">In 2013 he earned a deserved award &quot;World Finance Banking Awards&quot;, an annual award given by the British magazine World Finance, specializing in financial journalism and business.</span></div>\r\n<div>\r\n	<div>\r\n		<pre data-fulltext=\"\" data-placeholder=\"Translation\" dir=\"ltr\" id=\"tw-target-text\">\r\n<span style=\"font-family:verdana,geneva,sans-serif;\">BOI Bank is an international bank with a global network of financial services. It was founded in March 1994 and is domiciled in Antigua.</span></pre>\r\n	</div>\r\n	<div>\r\n		<span style=\"font-family:verdana,geneva,sans-serif;\">BOI Bank has an established leadership within the countries of Latin America and the Caribbean. Its headquarters are in the capital of Antigua, Saint John\'s. Your executive team is constantly moved around different countries, creating customer satisfaction that goes beyond the traditional relationship private banking activities.</span></div>\r\n	<div>\r\n		<span style=\"font-family:verdana,geneva,sans-serif;\">BOI Bank values ??are based on the security and confidentiality of our clients; its tranquility and confidence are our priorities. We take care of every detail to make you feel in family, protected and in a stable environment.</span></div>\r\n	<div>\r\n		<span style=\"font-family:verdana,geneva,sans-serif;\">Our financial services make BOI Bank an organization that integrates protection and technology for our customers to conduct their transactions and inquiries comfortably, quickly and safely.</span></div>\r\n	<div>\r\n		<span style=\"font-family:verdana,geneva,sans-serif;\">Professionalism is what characterizes our highly trained, committed to their needs and requirements, to provide protection and support when making their investments to our organization.</span></div>\r\n	<div>\r\n		<span style=\"font-family:verdana,geneva,sans-serif;\">Custom Policies and Individual Attention, allows you to consult with our experts and account executives to make any movement, transaction or business.</span></div>\r\n	<div>\r\n		<span style=\"font-family:verdana,geneva,sans-serif;\">In 2013 he earned a deserved award &quot;World Finance Banking Awards&quot;, an annual award given by the British magazine World Finance, specializing in financial journalism and business.</span></div>\r\n</div>\r\n<p>\r\n	&nbsp;</p>','BOI Bank Corporation',1,'About the bank',1,2,1,NULL),(138,NULL,'<div>\r\n	<strong>Street Address:</strong></div>\r\n<div>\r\n	&nbsp;</div>\r\n<div>\r\n	Walk Village Commercial Center,</div>\r\n<div>\r\n	&nbsp;</div>\r\n<div>\r\n	Suite # 206, 1st Floor,</div>\r\n<div>\r\n	&nbsp;</div>\r\n<div>\r\n	Friar\'s Hill Road, St.</div>\r\n<div>\r\n	&nbsp;</div>\r\n<div>\r\n	John\'s Antigua</div>\r\n<div>\r\n	&nbsp;</div>\r\n<div>\r\n	&nbsp;</div>\r\n<div>\r\n	&nbsp;</div>\r\n<div>\r\n	<strong>Phone:</strong> 1 268 5624471</div>\r\n<div>\r\n	&nbsp;</div>\r\n<div>\r\n	<strong>Fax:</strong> 1 268 5624470</div>\r\n<div>\r\n	&nbsp;</div>\r\n<div>\r\n	<strong>Web:</strong> www.boibank.com</div>\r\n<div>\r\n	&nbsp;</div>\r\n<div>\r\n	<strong>Message:</strong>&nbsp;info@BOIbank.co</div>',NULL,1,'Where we are',1,2,1,NULL),(139,NULL,'<div>\r\n	<strong>Products for liquidity management</strong></div>\r\n<div>\r\n	&nbsp;</div>\r\n<div>\r\n	<strong>Benefits:</strong></div>\r\n<ul>\r\n	<li>\r\n		Attractive interest rates according to the amount of their investment.</li>\r\n	<li>\r\n		Access to System consultation and online transactions through www.boibank.com.</li>\r\n	<li>\r\n		Sending transfers in and out of the United States in the currency you want.</li>\r\n</ul>\r\n<div>\r\n	&nbsp;</div>\r\n<div>\r\n	&nbsp;</div>\r\n<div>\r\n	<strong>Investment Products</strong></div>\r\n<div>\r\n	&nbsp;</div>\r\n<div>\r\n	<strong>Certificates of deposit</strong></div>\r\n<div>\r\n	&nbsp;</div>\r\n<div>\r\n	The deposits of BOI Bank provide an opportunity to secure investment with attractive returns.</div>\r\n<div>\r\n	&nbsp;</div>\r\n<div>\r\n	<strong>Benefits:</strong></div>\r\n<ul>\r\n	<li>\r\n		Attractive interest rate, with interest payments as agreed within your investment (for 30 days).</li>\r\n	<li>\r\n		Operating Certificates of Deposit as collateral to obtain financing.</li>\r\n	<li>\r\n		Allows more than one beneficiary.</li>\r\n	<li>\r\n		Possibility of automatic renewal and compounding.</li>\r\n	<li>\r\n		Investment consultation via the Internet.</li>\r\n	<li>\r\n		Investment capacity in any currency.</li>\r\n</ul>\r\n<div>\r\n	&nbsp;</div>\r\n<div>\r\n	<strong>Consumer products</strong></div>\r\n<div>\r\n	&nbsp;</div>\r\n<div>\r\n	<strong>Guaranteed Credit Card</strong></div>\r\n<div>\r\n	&nbsp;</div>\r\n<div>\r\n	BOI Bank offers a card from American Express Gold or Platinum credit by opening a Certificate Fixed Term.</div>\r\n<div>\r\n	&nbsp;</div>\r\n<div>\r\n	<strong>Benefits:</strong></div>\r\n<ul>\r\n	<li>\r\n		You determine your credit limit in dollars.</li>\r\n	<li>\r\n		Credit cards are valid internationally.</li>\r\n	<li>\r\n		All the advantages of owning a credit card from American Express.</li>\r\n</ul>\r\n<div>\r\n	&nbsp;</div>\r\n<div>\r\n	<strong>Visa Credit Card BOI Bank Corporation</strong></div>\r\n<div>\r\n	&nbsp;</div>\r\n<div>\r\n	BOI Bank offers credit card Visa BOI Bank, an international card that gives you access to the World Trade safely and with a line of credit to 18 months at a better interest rate.</div>\r\n<div>\r\n	&nbsp;</div>\r\n<div>\r\n	<strong>Benefits:</strong></div>\r\n<ul>\r\n	<li>\r\n		Cash advance at ATMs associated with the VISA network services anywhere in the world.</li>\r\n	<li>\r\n		Additional possibility of issuing credit cards to family members or related to handling separate credit limit.</li>\r\n	<li>\r\n		Consult consumption and statements sent via internet.</li>\r\n	<li>\r\n		Insurance against theft, loss, fraud and robbery at ATMs.</li>\r\n	<li>\r\n		Call Center at international level to solve any problem that comes your way.</li>\r\n</ul>','',1,'Financial products',1,2,1,NULL),(141,NULL,'<div>\r\n	Savings Account dollar BOI BANK handled through transfers. Uns offers competitive fixed interest rate monthly, payable el&iacute;ltimo business day of the month.</div>\r\n<div>\r\n	&nbsp;</div>\r\n<div>\r\n	<strong>Benefits:</strong></div>\r\n<ul>\r\n	<li>\r\n		Actrativa interest rate, according to the amount of your investment.</li>\r\n	<li>\r\n		Allows more than one beneficiary.</li>\r\n	<li>\r\n		Greater flexibility with the number of withdrawals.</li>\r\n	<li>\r\n		Consultation pathways internet accounts</li>\r\n</ul>','',1,'Savings account',1,2,1,NULL),(142,NULL,'<div>\r\n	The deposits of BOI BANK provide an opportunity to secure investment with attractive returns.</div>\r\n<div>\r\n	&nbsp;</div>\r\n<div>\r\n	<strong>Benefits:</strong></div>\r\n<ul>\r\n	<li>\r\n		Ineteres attractive rate, with interest payments to agree, as the term of your investment. (from 30 days to 3 years).</li>\r\n	<li>\r\n		Operating Certificates of Deposit as collateral to obtain financing.</li>\r\n	<li>\r\n		Allows more than one beneficiary.</li>\r\n	<li>\r\n		Possibility of automatic renewal and compounding.</li>\r\n	<li>\r\n		Investment consultation via the Internet.</li>\r\n	<li>\r\n		Investment capacity in any currency.</li>\r\n	<li>\r\n		Sets the beneficiaries.</li>\r\n</ul>',NULL,1,'Certificate of deposit',1,2,1,NULL),(143,NULL,'<div>\r\n	<strong>Guaranteed Credit Card</strong></div>\r\n<div>\r\n	&nbsp;</div>\r\n<div>\r\n	BOI Bank offers a card from American Express Gold or Platinum credit by opening a Certificate Fixed Term.</div>\r\n<div>\r\n	&nbsp;</div>\r\n<div>\r\n	<strong>Benefits:</strong></div>\r\n<ul>\r\n	<li>\r\n		You determine your credit limit in dollars.</li>\r\n	<li>\r\n		Credit cards are valid internationally.</li>\r\n	<li>\r\n		All the advantages of owning a credit card from American Express.</li>\r\n</ul>\r\n<div>\r\n	&nbsp;</div>\r\n<div>\r\n	&nbsp;</div>\r\n<div>\r\n	<strong>Visa Credit Card BOI Bank Corporation</strong></div>\r\n<div>\r\n	&nbsp;</div>\r\n<div>\r\n	BOI Bank offers credit card Visa BOI Bank, an international card that gives you access to the World Trade safely and with a line of credit to 18 months at a better interest rate.</div>\r\n<div>\r\n	&nbsp;</div>\r\n<div>\r\n	<strong>Benefits:</strong></div>\r\n<ul>\r\n	<li>\r\n		Cash advance at ATMs associated with the VISA network services anywhere in the world.</li>\r\n	<li>\r\n		Additional possibility of issuing credit cards to family members or related to handling separate credit limit.</li>\r\n	<li>\r\n		Consult consumption and statements sent via internet.</li>\r\n	<li>\r\n		Insurance against theft, loss, fraud and robbery at ATMs.</li>\r\n	<li>\r\n		Call Center at international level to solve any problem that comes your way.</li>\r\n</ul>','',1,'Credit cards',1,2,1,NULL),(144,NULL,'<div>\r\n	Boi Bank offers the following services:</div>\r\n<ul>\r\n	<li>\r\n		Custody of Securities, Back to Back and Stand By.</li>\r\n</ul>','',1,'Other services',1,2,1,NULL),(145,NULL,'<div>\r\n	&nbsp;</div>\r\n<div>\r\n	<table align=\"left\" border=\"0\" cellpadding=\"1\" cellspacing=\"1\" width=\"100%\">\r\n		<tbody>\r\n			<tr>\r\n				<td>\r\n					Registration signatures.</td>\r\n				<td>\r\n					<a download=\"\" href=\"../uploads/registrofirmas.pdf\" target=\"_blank\"><img height=\"31\" src=\"images/file_d.png\" width=\"31\" /></a></td>\r\n			</tr>\r\n			<tr>\r\n				<td colspan=\"2\">\r\n					<p>\r\n						<img height=\"2\" src=\"images/punto_gris.gif\" width=\"100%\" /></p>\r\n				</td>\r\n			</tr>\r\n			<tr>\r\n				<td>\r\n					Identification sheet (natural person).</td>\r\n				<td>\r\n					<a download=\"\" href=\"../uploads/fichaidentificacion_natural.pdf\" target=\"_blank\"><img height=\"31\" src=\"images/file_d.png\" width=\"31\" /></a></td>\r\n			</tr>\r\n			<tr>\r\n				<td colspan=\"2\">\r\n					<p>\r\n						<img height=\"2\" src=\"images/punto_gris.gif\" width=\"100%\" /></p>\r\n				</td>\r\n			</tr>\r\n			<tr>\r\n				<td>\r\n					Identification Sheet (legal entity).</td>\r\n				<td>\r\n					<a download=\"\" href=\"../uploads/fichaidentificacion_juridica.pdf\" target=\"_blank\"><img height=\"31\" src=\"images/file_d.png\" width=\"31\" /></a></td>\r\n			</tr>\r\n			<tr>\r\n				<td colspan=\"2\">\r\n					<p>\r\n						<img height=\"2\" src=\"images/punto_gris.gif\" width=\"100%\" /></p>\r\n				</td>\r\n			</tr>\r\n			<tr>\r\n				<td>\r\n					Affidavit of origin and destination of funds (natural person).</td>\r\n				<td>\r\n					<a download=\"\" href=\"../uploads/declaracionjurada.pdf\" target=\"_blank\"><img height=\"31\" src=\"images/file_d.png\" width=\"31\" /></a></td>\r\n			</tr>\r\n			<tr>\r\n				<td colspan=\"2\">\r\n					<p>\r\n						<img height=\"2\" src=\"images/punto_gris.gif\" width=\"100%\" /></p>\r\n				</td>\r\n			</tr>\r\n			<tr>\r\n				<td>\r\n					Affidavit of origin and destination of funds (legal entity).</td>\r\n				<td>\r\n					<a download=\"\" href=\"../uploads/declaracionjuradaPJ.pdf\" target=\"_blank\"><img height=\"31\" src=\"images/file_d.png\" width=\"31\" /></a></td>\r\n			</tr>\r\n			<tr>\r\n				<td colspan=\"2\">\r\n					<p>\r\n						<img height=\"2\" src=\"images/punto_gris.gif\" width=\"100%\" /></p>\r\n				</td>\r\n			</tr>\r\n			<tr>\r\n				<td>\r\n					Sending transaferencias.</td>\r\n				<td>\r\n					<a download=\"\" href=\"../uploads/transferencias.pdf\" target=\"_blank\"><img height=\"31\" src=\"images/file_d.png\" width=\"31\" /></a></td>\r\n			</tr>\r\n			<tr>\r\n				<td colspan=\"2\">\r\n					<p>\r\n						<img height=\"2\" src=\"images/punto_gris.gif\" width=\"100%\" /></p>\r\n				</td>\r\n			</tr>\r\n			<tr>\r\n				<td>\r\n					Transfer between accounts.</td>\r\n				<td>\r\n					<a download=\"\" href=\"../uploads/traspasos.pdf\" target=\"_blank\"><img height=\"31\" src=\"images/file_d.png\" width=\"31\" /></a></td>\r\n			</tr>\r\n			<tr>\r\n				<td colspan=\"2\">\r\n					<p>\r\n						<img height=\"2\" src=\"images/punto_gris.gif\" width=\"100%\" /></p>\r\n				</td>\r\n			</tr>\r\n			<tr>\r\n				<td>\r\n					Request for modification of the signatories on an account.</td>\r\n				<td>\r\n					<a download=\"\" href=\"../uploads/modificacionfirmantes.pdf\" target=\"_blank\"><img height=\"31\" src=\"images/file_d.png\" width=\"31\" /></a></td>\r\n			</tr>\r\n			<tr>\r\n				<td colspan=\"2\">\r\n					<p>\r\n						<img height=\"2\" src=\"images/punto_gris.gif\" width=\"100%\" /></p>\r\n				</td>\r\n			</tr>\r\n			<tr>\r\n				<td>\r\n					Account Cancellation Request</td>\r\n				<td>\r\n					<a download=\"\" href=\"../uploads/cancelacioncuenta.pdf\" target=\"_blank\"><img height=\"31\" src=\"images/file_d.png\" width=\"31\" /></a></td>\r\n			</tr>\r\n			<tr>\r\n				<td colspan=\"2\">\r\n					<p>\r\n						<img height=\"2\" src=\"images/punto_gris.gif\" width=\"100%\" /></p>\r\n				</td>\r\n			</tr>\r\n			<tr>\r\n				<td>\r\n					Inactive account format.</td>\r\n				<td>\r\n					<a download=\"\" href=\"../uploads/cuentainactiva.pdf\" target=\"_blank\"><img height=\"31\" src=\"images/file_d.png\" width=\"31\" /></a></td>\r\n			</tr>\r\n			<tr>\r\n				<td colspan=\"2\">\r\n					<p>\r\n						<img height=\"2\" src=\"images/punto_gris.gif\" width=\"100%\" /></p>\r\n				</td>\r\n			</tr>\r\n			<tr>\r\n				<td>\r\n					Declaration of Final beneficiary.</td>\r\n				<td>\r\n					<a download=\"\" href=\"../uploads/beneficiariofinal.pdf\" target=\"_blank\"><img height=\"31\" src=\"images/file_d.png\" width=\"31\" /></a></td>\r\n			</tr>\r\n		</tbody>\r\n	</table>\r\n</div>\r\n<p>\r\n	&nbsp;</p>','',1,'Forms',1,2,1,NULL),(146,NULL,'<p>\r\n	Dear customer, please contact your Executive or email with your name , identification number and Telephone number to the following address :&nbsp;<a href=\"mailto:info@boibank.com\">info@boibank.com</a></p>',NULL,1,'Fees and commissions',1,2,2,'icono_tarifa.jpg'),(147,NULL,'<p>\r\n	<strong>Tel&eacute;fono:</strong><br />\r\n	1 268 5624471</p>\r\n<p>\r\n	&nbsp;</p>\r\n<p>\r\n	<strong>Fax:</strong><br />\r\n	1 268 5624470</p>\r\n<p>\r\n	&nbsp;</p>\r\n<p>\r\n	<strong>Email:</strong><br />\r\n	<u><a href=\"mailto:callcenter1@boibank.com\">callcenter1@boibank.com</a></u><br />\r\n	<u><a href=\"mailto:callcenter2@boibank.com\">callcenter2@boibank.com</a></u>&nbsp;&nbsp;</p>','',1,'Call center',1,2,1,'icono_call_center.jpg'),(148,NULL,'<div>\r\n	<strong>Protect your Privacy</strong></div>\r\n<div>\r\n	&nbsp;</div>\r\n<ul>\r\n	<li>\r\n		Keep secret your username and password and not run the risk that other people have access to the information contained in their accounts.</li>\r\n	<li>\r\n		Avoid using browser options reminiscent identification (username and password) on the websites. These options provide the possibility of becoming a victim of online fraud.</li>\r\n	<li>\r\n		Do not leave your computer unattended while you are making use of electronic services your bank, and always close the screen once culminated their operations.</li>\r\n	<li>\r\n		Delete temporary Internet files whenever you leave electronic services your bank, especially when you are in a shared third team.</li>\r\n	<li>\r\n		Never send confidential information card account numbers, usernames and / or passwords via email.</li>\r\n	<li>\r\n		Check your statements regularly and immediately report any irregularities.</li>\r\n</ul>\r\n<div>\r\n	&nbsp;</div>\r\n<div>\r\n	<strong>Preventive Measures: Actions against Cyber ??Attacks</strong></div>\r\n<div>\r\n	&nbsp;</div>\r\n<ul>\r\n	<li>\r\n		Never click on links (links) not specifically requested post those asking for personal information.</li>\r\n	<li>\r\n		Even if you do not provide information, the fact Clicking the link may allow installation of intrusion programs which could record your passwords and cause damage to your computer.</li>\r\n	<li>\r\n		Enter the address directly from our website with your keyboard in the address bar of your browser and add it to your favorites for future sessions luega.</li>\r\n	<li>\r\n		Change your password frequently. Our recommendation is to do it every two months at least.</li>\r\n	<li>\r\n		Keep your operating system and Internet browser, which will get safety improvements include manufacturers constantly.</li>\r\n	<li>\r\n		Create passwords difficult to guess.</li>\r\n	<li>\r\n		Our recommendation is to create combinations of uppercase, lowercase, numbers and special characters.</li>\r\n	<li>\r\n		Do not use data such as names of relatives, birth dates, etc.</li>\r\n	<li>\r\n		Make sure you have installed and updated antivirus software.</li>\r\n	<li>\r\n		Install a personal firewall, which will help prevent unauthorized access of third parties to your computer.</li>\r\n	<li>\r\n		Do not deviate from your computer when you are making transactions on your internet banking.</li>\r\n</ul>\r\n<div>\r\n	&nbsp;</div>\r\n<div>\r\n	<strong>Protect your Computer</strong></div>\r\n<div>\r\n	&nbsp;</div>\r\n<div>\r\n	Misuse of Internet increases the chance of infection by computer virus programs and infiltration by intrusion.</div>\r\n<div>\r\n	&nbsp;</div>\r\n<div>\r\n	&nbsp;Computer viruses can modify programs and delete files on your machine; intrusion programs can cause similar effects, and are able to record the keys you press in order to obtain confidential information.</div>\r\n<div>\r\n	&nbsp;</div>\r\n<div>\r\n	We recommend that you follow these practices:</div>\r\n<div>\r\n	&nbsp;</div>\r\n<ul>\r\n	<li>\r\n		Use a firewall, which is a piece of hardware or software that helps prevent intruders or viruses from entering your machine.</li>\r\n	<li>\r\n		Update the software on your computer. If you are using any Windows programs, install the latest security releases.</li>\r\n	<li>\r\n		Install an antivirus, which is a program that helps you keep your machine protected against computer viruses, Trojan horses, and other unwanted intruders.</li>\r\n</ul>','',1,'Safety tips',1,2,1,'icono_tips-seguridad.jpg'),(149,NULL,NULL,NULL,1,'NUESTRO BANCO',1,1,1,NULL),(150,NULL,NULL,NULL,1,'PRODUCTOS',1,1,1,NULL),(151,NULL,NULL,NULL,1,'UBÍQUENOS',1,1,1,NULL),(152,NULL,NULL,NULL,1,'AYUDA',1,1,1,NULL),(153,NULL,NULL,NULL,1,'CONTÁCTENOS',1,1,1,NULL),(154,NULL,NULL,NULL,1,'OUR BANK',1,2,1,NULL),(155,NULL,NULL,NULL,1,'PRODUCTS',1,2,1,NULL),(156,NULL,NULL,NULL,1,'LOCATE US',1,2,1,NULL),(157,NULL,NULL,NULL,1,'ASSISTANCE',1,2,1,NULL),(158,NULL,NULL,NULL,1,'CONTACT US',1,2,1,NULL),(159,NULL,'<p>\r\n	Antigua es una isla que se encuentra ubicada dentro de las denominadas &ldquo;Islas Brit&aacute;nicas Occidentales&rdquo;&nbsp; entre el Mar Caribe y el Oc&eacute;ano Atl&aacute;ntico. Su&nbsp; capital es la ciudad de Saint John&acute;s. Su superficie es de 442 Km2 y tiene una poblaci&oacute;n de aproximadamente 67.000 habitantes, cuya lengua oficial es el ingl&eacute;s.</p>\r\n<p>\r\n	Fue descubierta por Crist&oacute;bal Col&oacute;n en 1493. Debe su nombre a la iglesia de Santa Mar&iacute;a de la Antigua de Sevilla, Espa&ntilde;a. Los ingleses, como consecuencia del tratado de Breda, fueron sus colonizadores desde el a&ntilde;o 1632. En 1967 se convirti&oacute; en una Monarqu&iacute;a Constitucional Independiente, conservando estrechos v&iacute;nculos con el Reino Unido.</p>\r\n<p>\r\n	Antigua &amp; Barbuda poseen desde el punto de vista financiero un cuadro regulatorio de los m&aacute;s estrictos del mundo, y un conjunto de controladores que dependen de la FSRC-Financial Services Regulatory Commission- (Comisi&oacute;n Reguladora de los Servicios Financieros), la cual realiza peri&oacute;dicas revisiones al BOI Bank y a las dem&aacute;s instituciones financieras registradas en la Jurisdicci&oacute;n.</p>',NULL,1,'Antigua',1,1,1,NULL),(160,NULL,'<div>\r\n	Antigua is an island that is located within the so-called &quot;Islands British West&quot; between the Caribbean Sea and the Atlantic Ocean. Its capital is the city of Saint John\'s. Its area is 442 km2 and has a population of about 67,000 inhabitants, whose official language is English.</div>\r\n<div>\r\n	&nbsp;</div>\r\n<div>\r\n	It was discovered by Christopher Columbus in 1493. It was named after the church of Santa Maria de la Antigua in Seville, Spain. The English, as a result of the Treaty of Breda, were their colonizers since 1632. In 1967 became a constitutional monarchy Independent, maintaining close ties with the UK.</div>\r\n<div>\r\n	&nbsp;</div>\r\n<div>\r\n	Antigua &amp; Barbuda have from the point of view financial regulatory frame of the strictest in the world and a set of drivers that depend on the FSRC-Financial Services Regulatory Commission- (Regulatory Commission Financial Services), which conducts periodic reviews the BOI Bank and other financial institutions registered in the jurisdiction.</div>','',1,'Antigua',1,2,1,NULL),(161,NULL,'<p style=\"text-align: justify;\">\r\n	BOI Bank se encuentra en pleno proceso de expansi&oacute;n, reforzando su plataforma tecnol&oacute;gica y concentr&aacute;ndose en su negocio medular de servicios financieros.</p>\r\n<p style=\"text-align: justify;\">\r\n	Dentro de nuestras actividades bancarias en BOI Bank, hemos incluido la innovaci&oacute;n en la creaci&oacute;n de productos y servicios, con el prop&oacute;sito fundamental de hacer crecer el patrimonio de nuestros clientes.</p>\r\n<p style=\"text-align: justify;\">\r\n	Como una instituci&oacute;n seria, confiable y transparente, BOI Bank es supervisado, auditado e inspeccionado anualmente por autoridades regulatorias bancarias de Antigua &amp; Barbuda, quienes realizan una evaluaci&oacute;n de todos los aspectos financieros, operativos y administrativos, control que tambi&eacute;n lleva a cabo regularmente la firma internacional KPMG.</p>\r\n<p style=\"text-align: justify;\">\r\n	Agradecemos especialmente a nuestros clientes y relacionados por la inmensa confianza y fidelidad que nos han prestado, pues sin ella no hubiese sido posible alcanzar la posici&oacute;n privilegiada que hoy en d&iacute;a detenta nuestra Instituci&oacute;n.</p>\r\n<p>\r\n	La Junta Directiva</p>',NULL,1,'Carta de la Junta Directiva',1,1,1,NULL),(162,NULL,'<p style=\"text-align: justify;\">\r\n	BOI Bank se encuentra en pleno proceso de expansi&oacute;n, reforzando su plataforma tecnol&oacute;gica y concentr&aacute;ndose en su negocio medular de servicios financieros.</p>\r\n<p style=\"text-align: justify;\">\r\n	Dentro de nuestras actividades bancarias en BOI Bank, hemos incluido la innovaci&oacute;n en la creaci&oacute;n de productos y servicios, con el prop&oacute;sito fundamental de hacer crecer el patrimonio de nuestros clientes.</p>\r\n<p style=\"text-align: justify;\">\r\n	Como una instituci&oacute;n seria, confiable y transparente, BOI Bank es supervisado, auditado e inspeccionado anualmente por autoridades regulatorias bancarias de Antigua &amp; Barbuda, quienes realizan una evaluaci&oacute;n de todos los aspectos financieros, operativos y administrativos, control que tambi&eacute;n lleva a cabo regularmente la firma internacional KPMG.</p>\r\n<p style=\"text-align: justify;\">\r\n	Agradecemos especialmente a nuestros clientes y relacionados por la inmensa confianza y fidelidad que nos han prestado, pues sin ella no hubiese sido posible alcanzar la posici&oacute;n privilegiada que hoy en d&iacute;a detenta nuestra Instituci&oacute;n.</p>\r\n<p>\r\n	La Junta Directiva&quot;</p>','',1,'Charter of the board',1,2,1,NULL),(163,NULL,'<p>\r\n	La cuenta de Ahorro en d&oacute;lares del BOI Bank se maneja a trav&eacute;s de transferencias. Ofrece una tasa de inter&eacute;s fija mensual competitiva, pagadera el &uacute;ltimo d&iacute;a h&aacute;bil del mes.</p>\r\n<p>\r\n	<strong>Beneficios:</strong></p>\r\n<ul>\r\n	<li>\r\n		Permite tener m&aacute;s de un beneficiario.</li>\r\n	<li>\r\n		Retiros ilimitados.</li>\r\n	<li>\r\n		Consulta de cuentas v&iacute;a Internet.</li>\r\n	<li>\r\n		Tasas de intereses atractivas acorde al monto de su inversi&oacute;n.</li>\r\n	<li>\r\n		Acceso al sistema de consulta a trav&eacute;s de www.boibank.com</li>\r\n	<li>\r\n		Env&iacute;o de transferencias dentro y fuera de los Estados Unidos en la moneda que usted desee.</li>\r\n</ul>\r\n<p>\r\n	<strong>Requisitos:</strong></p>\r\n<ul>\r\n	<li>\r\n		Disponer de los recaudos m&iacute;nimos exigidos. Para consultar cuales son estos recaudos haga&nbsp;<a href=\"p_contenido.php?id=43&amp;idc=180\">clic aqu&iacute;</a><a href=\"http://www.adverweb.com/BOI_bank/site/p_contenido.php?id=43&amp;idc=180\">.</a></li>\r\n	<li>\r\n		Completar los formularios: Registro de firmas, ficha de identificaci&oacute;n, declaraci&oacute;n jurada del origen y destino de los fondos. Para consultar los formularios y los pasos a seguir haga &nbsp;<a href=\"p_contenido.php?id=43&amp;idc=182\">clic aqu&iacute;</a><a href=\"http://www.adverweb.com/BOI_bank/site/p_contenido.php?id=43&amp;idc=180\">.</a></li>\r\n</ul>','Cuenta de Ahorros',1,'Productos para el manejo de liquidez',1,1,1,NULL),(164,NULL,'<div>\r\n	<strong>Benefits</strong></div>\r\n<ul>\r\n	<li>\r\n		Attractive interest rates according to the amount of their investment.</li>\r\n	<li>\r\n		Access to System consultation and online transactions through www.boibank.com.</li>\r\n	<li>\r\n		Sending transfers in and out of the United States in the currency you want.</li>\r\n</ul>\r\n<div>\r\n	&nbsp;</div>\r\n<div>\r\n	<strong>Current Account Trades</strong></div>\r\n<div>\r\n	&nbsp;</div>\r\n<div>\r\n	Current Account Bank Boi is a paid account that is managed through electronic transfers.</div>\r\n<div>\r\n	&nbsp;</div>\r\n<div>\r\n	<strong>Benefits:</strong></div>\r\n<ul>\r\n	<li>\r\n		Unlimited number of deposits with the possibility of depositing into cueques of US banks, through our network.</li>\r\n	<li>\r\n		Attractive interest rates, according to the amount of your investment and calculated on the daily balance available.</li>\r\n	<li>\r\n		Access to System consultation and online transactions through www.boibank.com</li>\r\n	<li>\r\n		Send transfers in and out of the United States in the currency you want.</li>\r\n</ul>\r\n<div>\r\n	&nbsp;</div>\r\n<div>\r\n	&nbsp;</div>\r\n<div>\r\n	<strong>Saving account</strong></div>\r\n<div>\r\n	&nbsp;</div>\r\n<div>\r\n	Savings Account dollar BOI BANK handled through transfers. Uns offers competitive fixed interest rate monthly, payable el&iacute;ltimo business day of the month.</div>\r\n<div>\r\n	&nbsp;</div>\r\n<div>\r\n	<strong>Benefits:</strong></div>\r\n<ul>\r\n	<li>\r\n		Actrativa interest rate, according to the amount of your investment.</li>\r\n	<li>\r\n		Allows more than one beneficiary.</li>\r\n	<li>\r\n		Greater flexibility with the number of withdrawals.</li>\r\n	<li>\r\n		Consultation pathways internet accounts.</li>\r\n</ul>','',1,'Products for liquidity management',1,2,1,NULL),(165,NULL,'<p>\r\n	Los Certificados de Dep&oacute;sito de BOI Bank facilitan una oportunidad de inversi&oacute;n segura con atractivos rendimientos.</p>\r\n<p>\r\n	<strong>Beneficios:</strong></p>\r\n<ul>\r\n	<li>\r\n		Tasa de inter&eacute;s atractiva, con pago de intereses a convenir seg&uacute;n el plazo de su inversi&oacute;n (desde 30 hasta 365 d&iacute;as).</li>\r\n	<li>\r\n		Funcionamiento de Certificados de Dep&oacute;sito como colateral para la obtenci&oacute;n de financiamiento.</li>\r\n	<li>\r\n		Permite tener m&aacute;s de un beneficiario.</li>\r\n	<li>\r\n		Posibilidad de renovaci&oacute;n autom&aacute;tica y capitalizaci&oacute;n de intereses.</li>\r\n	<li>\r\n		Consulta de inversiones v&iacute;a Internet.</li>\r\n	<li>\r\n		Capacidad de inversi&oacute;n en d&oacute;lares y euros.</li>\r\n</ul>\r\n<p>\r\n	<strong>Requisitos:</strong></p>\r\n<ul>\r\n	<li>\r\n		Poseer o abrir una cuenta al momento de pactar la negociaci&oacute;n.</li>\r\n</ul>','Certificados de Depósito',1,'Productos de inversión',1,1,1,NULL),(166,NULL,'<div>\r\n	<strong>Certificates of Deposit</strong></div>\r\n<div>\r\n	The deposits of BOI Bank provide an opportunity to secure investment with attractive returns.</div>\r\n<div>\r\n	&nbsp;</div>\r\n<div>\r\n	<strong>Benefits:</strong></div>\r\n<ul>\r\n	<li>\r\n		Attractive interest rate, with interest payments as agreed within your investment (for 30 days).</li>\r\n	<li>\r\n		Operating Certificates of Deposit as collateral to obtain financing.</li>\r\n	<li>\r\n		Allows more than one beneficiary.</li>\r\n	<li>\r\n		Possibility of automatic renewal and compounding.</li>\r\n	<li>\r\n		Investment consultation via the Internet.</li>\r\n	<li>\r\n		Investment capacity in any currency.</li>\r\n</ul>','',1,'Investment products',1,2,1,NULL),(167,NULL,'<div>\r\n	<p>\r\n		BOI Bank le ofrece las tarjetas de cr&eacute;dito American Express Goldo Platinumy Visa Platinumcon s&oacute;lo abrir un Certificado de Dep&oacute;sito.</p>\r\n	<p>\r\n		<strong>Tarjeta de Cr&eacute;dito Visa PlatinumBOI Bank Corporation</strong></p>\r\n	<p>\r\n		BOI Bank pone a su disposici&oacute;n la tarjeta de cr&eacute;dito Visa PlatinumBOI Bank, una tarjeta internacional que le da acceso al comercio Mundial de manera segura y con una l&iacute;nea de cr&eacute;dito a 18 meses a la mejor tasa de inter&eacute;s.</p>\r\n	<p>\r\n		<strong>Beneficios;</strong></p>\r\n	<ul>\r\n		<li>\r\n			Adelanto de efectivo en cajeros ATM asociados a la red de servicios VISA en cualquier pa&iacute;s del mundo.</li>\r\n		<li>\r\n			Posibilidad de emitir tarjetas de cr&eacute;dito adicionales a familiares directos, con manejo de l&iacute;mite de cr&eacute;dito independiente.</li>\r\n		<li>\r\n			Consultas en l&iacute;nea de consumos v&iacute;a internet.</li>\r\n		<li>\r\n			Seguro contra robo, extrav&iacute;o, fraude y atraco en cajeros ATMy beneficios propios de la marca.</li>\r\n		<li>\r\n			CallCenter a nivel internacional para solucionar cualquier inconveniente que se le presente.</li>\r\n	</ul>\r\n	<div>\r\n		&nbsp;</div>\r\n	<p>\r\n		<strong>Tarjeta de Cr&eacute;dito Garantizada American Express</strong></p>\r\n	<p>\r\n		BOI Bank le ofrece una tarjeta de cr&eacute;dito American Express Goldo Platinumcon s&oacute;lo abrir unCertificado de Dep&oacute;sito. Es una tarjeta internacional que le da acceso al comercio Mundial de manera segura.</p>\r\n	<p>\r\n		<strong>Beneficios:</strong></p>\r\n	<ul>\r\n		<li>\r\n			Usted determina su l&iacute;mite de cr&eacute;dito en d&oacute;lares.</li>\r\n		<li>\r\n			Tarjetas de cr&eacute;dito v&aacute;lidas a nivel internacional.</li>\r\n		<li>\r\n			Todas las ventajas de poseer una tarjeta de cr&eacute;dito American Express.</li>\r\n	</ul>\r\n</div>','Tarjetas de Crédito',1,'Productos de consumo',1,1,1,NULL),(168,NULL,'<div>\r\n	<strong>Guaranteed Credit Card</strong></div>\r\n<div>\r\n	&nbsp;</div>\r\n<div>\r\n	BOI Bank offers a card from American Express Gold or Platinum credit by opening a Certificate Fixed Term.</div>\r\n<div>\r\n	&nbsp;</div>\r\n<div>\r\n	<strong>Benefits:</strong></div>\r\n<ul>\r\n	<li>\r\n		You determine your credit limit in dollars.</li>\r\n	<li>\r\n		Credit cards are valid internationally.</li>\r\n	<li>\r\n		All the advantages of owning a credit card from American Express.</li>\r\n</ul>\r\n<div>\r\n	&nbsp;</div>\r\n<div>\r\n	<strong>Visa Credit Card BOI Bank Corporation</strong></div>\r\n<div>\r\n	&nbsp;</div>\r\n<div>\r\n	BOI Bank offers credit card Visa BOI Bank, an international card that gives you access to the World Trade safely and with a line of credit to 18 months at a better interest rate.</div>\r\n<div>\r\n	&nbsp;</div>\r\n<div>\r\n	<strong>Benefits:</strong></div>\r\n<ul>\r\n	<li>\r\n		Cash advance at ATMs associated with the VISA network services anywhere in the world.</li>\r\n	<li>\r\n		Additional possibility of issuing credit cards to family members or related to handling separate credit limit.</li>\r\n	<li>\r\n		Consult consumption and statements sent via internet.</li>\r\n	<li>\r\n		Insurance against theft, loss, fraud and robbery at ATMs.</li>\r\n	<li>\r\n		Call Center at international level to solve any problem that comes your way.</li>\r\n</ul>','',1,'Consumer products',1,2,1,NULL),(169,3,NULL,NULL,1,'Preguntas frecuentes',1,1,1,NULL),(170,3,NULL,'',1,'FAQ',1,2,1,NULL),(171,1,NULL,NULL,1,'Contáctenos',1,1,1,NULL),(172,1,'<div>\r\n	<strong>To activate the TDC</strong> for the first time and replacing plastic should call the following numbers:</div>\r\n<div>\r\n	&nbsp;</div>\r\n<div>\r\n	<strong>Outside the United States: </strong>1 260 846 0537</div>\r\n<div>\r\n	&nbsp;</div>\r\n<div>\r\n	<strong>Within the United States:</strong> 800 778 9924</div>\r\n<div>\r\n	&nbsp;</div>\r\n<div>\r\n	For notification card use for travel and / or purchase online must send an email to the following address: <strong>callcenter@boibank.com.pa</strong></div>','',1,'Contact us',1,2,1,NULL),(173,NULL,'<p>\r\n	BOI Bank es un Banco Internacional&nbsp; con una red global de servicios financieros. Fue fundado en marzo de 1994 y se encuentra domiciliado en Antigua.</p>\r\n<p>\r\n	BOI Bank posee un liderazgo arraigado dentro de los pa&iacute;ses de Latinoam&eacute;rica y el Caribe. Su sede principal se encuentra en la capital de Antigua, Saint John&acute;s. Su equipo de ejecutivos se traslada constantemente alrededor de diferentes pa&iacute;ses, creando una satisfacci&oacute;n a nuestros clientes que va m&aacute;s all&aacute; de la relaci&oacute;n de actividades tradicionales de banca privada.</p>\r\n<p>\r\n	Los valores de BOI Bank se fundamentan en la seguridad y confidencialidad de nuestros clientes; su tranquilidad y su confianza son nuestras prioridades. Cuidamos cada detalle para que usted se sienta en familia, protegido y en un ambiente estable.</p>\r\n<p>\r\n	Nuestros servicios financieros hacen de BOI Bank una organizaci&oacute;n que integra protecci&oacute;n y tecnolog&iacute;a para que nuestros clientes realicen sus operaciones y consultas de manera c&oacute;moda, r&aacute;pida y segura.</p>\r\n<p>\r\n	El profesionalismo es lo que caracteriza a nuestro personal altamente capacitado, comprometido con sus necesidades y requerimientos, para brindarle protecci&oacute;n y apoyo al momento de realizar sus inversiones con nuestra organizaci&oacute;n.</p>\r\n<p>\r\n	Nuestra pol&iacute;tica de Atenci&oacute;n Personalizada e Individual, le permite consultar con nuestros expertos y ejecutivos de cuenta para realizar cualquier movimiento, transacci&oacute;n o negocio.</p>','',1,'BOI Bank Corporation',1,1,1,NULL),(174,NULL,'<p>\r\n	En BOI Bank protegemos ante todo su confidencialidad. Para ello, contamos con la m&aacute;s avanzada tecnolog&iacute;a y los m&aacute;s modernos sistemas relacionados con la banca electr&oacute;nica.</p>\r\n<p>\r\n	A trav&eacute;s de nuestro sitio en la red www.boibank.com especialmente dise&ntilde;ado para nuestros clientes, usted podr&aacute; tener acceso a sus cuentas desde cualquier parte del mundo en el momento que lo desee y realizar sus transacciones de manera segura, permiti&eacute;ndole hacer transferencias entre sus cuentas BOI, transferencias a cuentas de otros clientes en el BOI, consulta y pago de su tarjeta Visa BOI Bank, consulta de inversiones en custodia con el precio de sus val0res en el mercado y otros servicios que se activar&aacute;n durante el a&ntilde;o. Cada usuario registrado posee una clave y una contrase&ntilde;a, la cual puede modificar en cualquier momento.</p>\r\n<p>\r\n	Este servicio es estrictamente confidencial. BOI Bank cuenta con el m&aacute;s alto est&aacute;ndar de seguridad disponible en Internet para proteger sus operaciones y transacciones en todo momento.</p>','',1,'Tecnología de vanguardia',1,1,1,NULL),(175,NULL,NULL,'',1,'Encuesta',1,1,1,NULL),(176,2,NULL,NULL,1,'Calendario',1,1,1,NULL),(177,2,NULL,NULL,1,'Calendar',1,2,1,NULL),(178,NULL,'<p>\r\n	BOI Bank informa que Ley de Cumplimiento Fiscal de Cuentas en el Extranjero (FATCA por sus siglas en ingl&eacute;s) entr&oacute; en vigencia a partir del 1 de julio del 2014.</p>\r\n<p>\r\n	Esta ley fue promulgada por el Congreso de los Estados Unidos de Am&eacute;rica en marzo del 2010, y su objetivo es prevenir que los contribuyentes estadounidenses utilicen cuentas financieras fuera de los EE.UU. con el fin de evadir impuestos. Por tanto, FATCA requiere a las instituciones financieras identificar y reportar al Servicio de Rentas Internas de los Estados Unidos (IRS), directamente o a trav&eacute;s de organismos de regulaci&oacute;n local, la informaci&oacute;n de los clientes que posean la nacionalidad o residencia fiscal en Estados Unidos.</p>\r\n<p>\r\n	Antigua ha sido calificada bajo el criterio &ldquo;Agreementin Substance&rdquo; en el marco de las negociaciones para la firma del Acuerdo Intergubernamental (IGA Modelo 1) para el cumplimiento de la Ley FATCA de los Estados Unidos de Am&eacute;rica. Esto compromete a las instituciones financieras del pa&iacute;s a cumplir con los requerimientos de esta Ley.</p>\r\n<p>\r\n	En BOI Bank hemos asumido el cumplimiento de todas las obligaciones impuestas por FATCA considerando las regulaciones bancarias y fiscales de nuestra jurisdicci&oacute;n. Para este fin, se ha conformado un equipo de profesionales comprometidos con la implementaci&oacute;n de los cambios operacionales necesarios para cumplir con dichas compromisos.</p>\r\n<p>\r\n	Como instituci&oacute;n financiera, solo podemos ofrecer a nuestros clientes informaci&oacute;n general ya que la regulaci&oacute;n impositiva es altamente especializada. Le sugerimos contactar a un profesional de impuestos para obtener informaci&oacute;n m&aacute;s detallada sobre esta regulaci&oacute;n y sus implicaciones. De igual manera, puede visitar el portal del Servicio de Rentas Internas de los EE.UU. para estar al d&iacute;a con la misma. Para m&aacute;s informaci&oacute;n haga<span style=\"text-align: justify;\">&nbsp;</span><a href=\"http://www.irs.gov/Businesses/Corporations/Foreign-Account-Tax-Compliance-Act-(FATCA)\" style=\"text-align: justify;\" target=\"_blank\"><u>clic aqui.</u></a></p>\r\n<p>\r\n	&nbsp;</p>',NULL,1,'FATCA',1,1,1,NULL),(179,NULL,'<p>\r\n	BOI Bank informa que Ley de Cumplimiento Fiscal de Cuentas en el Extranjero (FATCA por sus siglas en ingl&eacute;s) entr&oacute; en vigencia a partir del 1 de julio del 2014.</p>\r\n<p>\r\n	Esta ley fue promulgada por el Congreso de los Estados Unidos de Am&eacute;rica en marzo del 2010, y su objetivo es prevenir que los contribuyentes estadounidenses utilicen cuentas financieras fuera de los EE.UU. con el fin de evadir impuestos. Por tanto, FATCA requiere a las instituciones financieras identificar y reportar al Servicio de Rentas Internas de los Estados Unidos (IRS), directamente o a trav&eacute;s de organismos de regulaci&oacute;n local, la informaci&oacute;n de los clientes que posean la nacionalidad o residencia fiscal en Estados Unidos.</p>\r\n<p>\r\n	Antigua ha sido calificada bajo el criterio &ldquo;Agreementin Substance&rdquo; en el marco de las negociaciones para la firma del Acuerdo Intergubernamental (IGA Modelo 1) para el cumplimiento de la Ley FATCA de los Estados Unidos de Am&eacute;rica. Esto compromete a las instituciones financieras del pa&iacute;s a cumplir con los requerimientos de esta Ley.</p>\r\n<p>\r\n	En BOI Bank hemos asumido el cumplimiento de todas las obligaciones impuestas por FATCA considerando las regulaciones bancarias y fiscales de nuestra jurisdicci&oacute;n. Para este fin, se ha conformado un equipo de profesionales comprometidos con la implementaci&oacute;n de los cambios operacionales necesarios para cumplir con dichas compromisos.</p>\r\n<p>\r\n	Como instituci&oacute;n financiera, solo podemos ofrecer a nuestros clientes informaci&oacute;n general ya que la regulaci&oacute;n impositiva es altamente especializada. Le sugerimos contactar a un profesional de impuestos para obtener informaci&oacute;n m&aacute;s detallada sobre esta regulaci&oacute;n y sus implicaciones. De igual manera, puede visitar el portal del Servicio de Rentas Internas de los EE.UU. para estar al d&iacute;a con la misma. Para mas informaci&oacute;n haga<span style=\"text-align: justify;\">&nbsp;</span><a href=\"http://www.irs.gov/Businesses/Corporations/Foreign-Account-Tax-Compliance-Act-(FATCA)\" style=\"text-align: justify;\" target=\"_blank\"><u>clic aqui.</u></a></p>\r\n<p>\r\n	&nbsp;</p>',NULL,1,'FATCA',1,2,1,NULL),(180,NULL,'<p>\r\n	<strong><span style=\"text-align: justify;\">Persona Natural</span></strong></p>\r\n<ol>\r\n	<li style=\"text-align: justify;\">\r\n		Copia a color legible del Pasaporte vigente del titular, cotitulares y firmantes autorizados.</li>\r\n	<li style=\"text-align: justify;\">\r\n		Documento de Identidad (C.I) legible ampliada del titular, cotitulares y firmantes autorizados.</li>\r\n	<li style=\"text-align: justify;\">\r\n		En caso que el titular y cotitular posean nacionalidad o residencia de los Estados Unidos de Am&eacute;rica deben consignar una copia ampliada del EIN (Employer ID Number) TIN (Tax ID Number) y social Security (SS).</li>\r\n	<li style=\"text-align: justify;\">\r\n		(2) Referencias bancarias verificables con una antig&uuml;edad no mayor a tres (3) meses. Las mismas deben estar a nombre del titular que solicita la apertura de la cuenta.</li>\r\n	<li style=\"text-align: justify;\">\r\n		Carta de trabajo (elaborada en papel membrete de la empresa) con una antig&uuml;edad no mayor a seis (6) meses.</li>\r\n	<li style=\"text-align: justify;\">\r\n		Prueba de residencia (ejemplo: recibo de servicio p&uacute;blico, contrato de arrendamiento, etc.) donde se evidencie la direcci&oacute;n de domicilio del titular, con una antig&uuml;edad no mayor a tres (3) meses.</li>\r\n	<li style=\"text-align: justify;\">\r\n		Formulario W8 BEN o W9, de acuerdo a las exigencias del Internal Revenue Service IRS (Si aplica). Favor revisar las instrucciones sobre FATCA detalladas abajo.</li>\r\n</ol>\r\n<p style=\"text-align: justify;\">\r\n	<strong>Persona Jur&iacute;dica</strong></p>\r\n<ol>\r\n	<li style=\"text-align: justify;\">\r\n		Copia a color legible del Pasaporte vigente de los accionistas, firmantes autorizados, junta directiva y representantes o apoderados del cliente.</li>\r\n	<li style=\"text-align: justify;\">\r\n		Copia vigente legible del RIF del cliente.</li>\r\n	<li style=\"text-align: justify;\">\r\n		Si el accionistas es una Persona Jur&iacute;dica , anexar copia del documento constitutivo estatutario vigente y nombramiento de Junta Directiva y RIF.</li>\r\n	<li style=\"text-align: justify;\">\r\n		En caso que los accionistas con porcentaje accionario superior al 10% posean nacionalidad o domicilio en los Estados Unidos de Am&eacute;rica, consignar copia del EIN (Employer ID Number), TIN (Tax ID Number) y Social Security (SS).</li>\r\n	<li style=\"text-align: justify;\">\r\n		Copia del Documento Constitutivo Estatutario y sus modificaciones.</li>\r\n	<li style=\"text-align: justify;\">\r\n		Copia del acta en la que conste el nombramiento de los administradores&nbsp;o apoderados vigentes.</li>\r\n	<li style=\"text-align: justify;\">\r\n		Copia de la resoluci&oacute;n corporativa en la que se designa a las personas autorizadas para abrir y movilizar cuentas en el nombre del cliente.</li>\r\n	<li style=\"text-align: justify;\">\r\n		Certificado de Incumbencia (personas jur&iacute;dicas constituidas fuera de Venezuela).</li>\r\n	<li style=\"text-align: justify;\">\r\n		Certificado de Good Standing (personas jur&iacute;dicas constituidas fuera de Venezuela).</li>\r\n	<li style=\"text-align: justify;\">\r\n		(2) Referencias bancarias verificables con una antig&uuml;edad no mayor a tres (3) meses. Las mismas deben de estar a nombre del titular que solicita la apertura de la cuenta.&nbsp;</li>\r\n	<li style=\"text-align: justify;\">\r\n		Si el cliente no posee referencias bancarias, las mismas deben ser consignadas por los accionistas.</li>\r\n	<li style=\"text-align: justify;\">\r\n		Copia de los &uacute;ltimo estados financieros&nbsp;(Balance General y Estado de Ganancias y P&eacute;rdidas) o &uacute;ltima declaraci&oacute;n del ISLR. Si no ha cumplido su primer per&iacute;odo fiscal, Declaraci&oacute;n Jurada o Proyecci&oacute;n de Ingresos por un a&ntilde;o.</li>\r\n	<li style=\"text-align: justify;\">\r\n		Prueba de residencia (Ejemplo: recibo&nbsp;de servicio p&uacute;blico, contrato de arrendamiento, etc.) donde se evidencie la direcci&oacute;n&nbsp;de domicilio del titular, con una antig&uuml;edad&nbsp;no mayor a tres (3) meses.&nbsp;</li>\r\n</ol>\r\n<p style=\"text-align: justify;\">\r\n	&nbsp;</p>\r\n<p style=\"text-align: justify;\">\r\n	<strong>Nota: La Declaraci&oacute;n Jurada y Tarjeta de registro de Firmas deben tener una antig&uuml;edad no mayor a tres (3) meses.</strong></p>\r\n<p style=\"text-align: justify;\">\r\n	&nbsp;</p>\r\n<p style=\"text-align: justify;\">\r\n	Formularios vinculados a FATCA deben ser elaborados en su totalidad y entregados junto con el resto de los requisitos:</p>\r\n<ol>\r\n	<li style=\"text-align: justify;\">\r\n		W-9 Es la solicitud y certificaci&oacute;n del n&uacute;mero de identificados&nbsp;&nbsp;del Contribuyente de EE.UU. que los usuarios deben completar y firmar para que las entidades financieras documenten y resguardaren la condici&oacute;n o estatus FATCA de sus clientes estadounidenses.</li>\r\n</ol>\r\n<p style=\" text-align: justify;\">\r\n	Deber&aacute;n completar este documento:</p>\r\n<ul>\r\n	<li style=\" text-align: justify;\">\r\n		Quienes sean ciudadanos de EE.UU.</li>\r\n	<li style=\" text-align: justify;\">\r\n		Quienes sean ciudadanos extranjeros que posean residencia permanente&nbsp;(Green Card) en EE.UU.</li>\r\n	<li style=\" text-align: justify;\">\r\n		Los representantes de personas jur&iacute;dicas de EE.UU.</li>\r\n	<li style=\" text-align: justify;\">\r\n		Cualquier sujeto f&iacute;sico o jur&iacute;dico que sea contribuyente del impuesto de Renta de EE.UU.</li>\r\n</ul>\r\n<ol>\r\n	<li style=\"text-align: justify;\" value=\"2\">\r\n		W-8BEN Es el certificado&nbsp;de condici&oacute;n extranjera de beneficiario propietario&nbsp;para la retenci&oacute;n de impuestos en los EE.UU. que los clientes, personas naturales o f&iacute;sicas, deben completar y firmar para que las entidades financieras documenten y resguarden la condici&oacute;n o estatus FATCA de que no son estadounidenses.</li>\r\n</ol>\r\n<p style=\" text-align: justify;\">\r\n	Deber&aacute;n completar este documento:</p>\r\n<ul>\r\n	<li style=\" text-align: justify;\">\r\n		Lugar de nacimiento en EE.UU. Adicionalmente deber&aacute;n adjuntar:\r\n		<ul>\r\n			<li style=\"\">\r\n				Documento de identificaci&oacute;n Extranjero que demuestre otra nacionalidad (Ej. C&eacute;dula de ciudadan&iacute;a).</li>\r\n			<li style=\"\">\r\n				Certificado de renuncia a la Nacionalidad, Forma 407: Abandono del permiso de Estatus de Residente.</li>\r\n			<li style=\"\">\r\n				Explicaci&oacute;n escrita relacionada con la Ciudadan&iacute;a Americana.</li>\r\n		</ul>\r\n	</li>\r\n	<li style=\" text-align: justify;\">\r\n		Direcci&oacute;n de residencia o de correo con apartado postal en EE.UU. Adicionalmente deber&aacute; adjuntar:\r\n		<ul>\r\n			<li style=\"\">\r\n				Documento de identificaci&oacute;n Extranjero que demuestre otra nacionalidad (Ej. C&eacute;dula de Ciudadan&iacute;a).</li>\r\n		</ul>\r\n	</li>\r\n	<li style=\" text-align: justify;\">\r\n		N&uacute;mero telef&oacute;nico&nbsp;de EE.UU.&nbsp;<span style=\"font-size: 11.9999990463257px;\">&nbsp;Adicionalmente&nbsp;deber&aacute;n&nbsp;adjuntar:</span>\r\n		<ul>\r\n			<li style=\";\">\r\n				Documento de identificaci&oacute;n Extranjero que&nbsp;demuestre&nbsp;otra nacionalidad (Ej. C&eacute;dula de Ciudadan&iacute;a).</li>\r\n		</ul>\r\n	</li>\r\n	<li style=\" text-align: justify;\">\r\n		Instrucciones fijas, expresas y determinadas para transferir fondos hacia una cuenta mantenida en los EE.UU.&nbsp;<span style=\"font-size: 11.9999990463257px;\">&nbsp;Adicionalmente deber&aacute;n adjuntar:</span>\r\n		<ul>\r\n			<li style=\"\">\r\n				Evidencia documental que demuestre las &oacute;rdenes de transferencias a EE.UU.</li>\r\n		</ul>\r\n	</li>\r\n	<li style=\" text-align: justify;\">\r\n		Apoderado de una persona con direcci&oacute;n en EE.UU.&nbsp;<span style=\"font-size: 11.9999990463257px;\">Adicionalmente deber&aacute;n adjuntar:</span>\r\n		<ul>\r\n			<li style=\"\">\r\n				Evidencia documental que se demuestre la informaci&oacute;n del apoderado asociado a una direcci&oacute;n en EE.UU.</li>\r\n		</ul>\r\n	</li>\r\n	<li style=\" text-align: justify;\">\r\n		Alguna direcci&oacute;n de reenv&iacute;o, atenci&oacute;n o retenci&oacute;n de correspondencia identificada como la &uacute;nica direcci&oacute;n asociada al titular de la cuenta en la entidad financiera (Hold Mail o c/o).&nbsp;<span style=\"font-size: 11.9999990463257px;\">Adicionalmente deber&aacute;n adjuntar:</span>\r\n		<ul>\r\n			<li style=\"\">\r\n				Evidencia&nbsp;Documental para explicar la circunstancia por la cual incluyo la mencionada direcci&oacute;n. (Anexo N&ordm;1)</li>\r\n		</ul>\r\n	</li>\r\n</ul>\r\n<p>\r\n	&nbsp;</p>\r\n<p style=\"text-align: center;\">\r\n	<span style=\"font-size:10px;\">Toda la documentaci&oacute;n debe ser enviada prioritariamente en original, en caso de no poseer los originales de los mismos, el especialista de negocios debe validar la documentaci&oacute;n, colocando la firma y el sello de &quot;Copia Fiel y Exacta del Original&quot;</span></p>\r\n<p>\r\n	&nbsp;</p>\r\n<p style=\"text-align: center;\">\r\n	<strong>ES INDISPENSABLE REUNIR TODOS LOS RECAUDOS ANTES DE SOLICITAR LA APERTURA DE LA CUENTA</strong></p>',NULL,1,'Requisitos para apertura de cuenta',1,1,1,NULL),(181,NULL,'<p>\r\n	&nbsp;</p>\r\n<table border=\"0\" cellpadding=\"1\" cellspacing=\"1\" width=\"100%\">\r\n	<tbody>\r\n		<tr>\r\n			<td style=\"text-align: justify;\" width=\"50%\">\r\n				Persona Natural</td>\r\n			<td style=\"text-align: justify;\" width=\"50%\">\r\n				Persona Jur&iacute;dica</td>\r\n		</tr>\r\n		<tr>\r\n			<td valign=\"top\">\r\n				<ol>\r\n					<li>\r\n						Legible copy of valid passport holder, holders and authorized signatories color.</li>\r\n					<li>\r\n						Identity (CI) legible extended the holder, joint holders and authorized signatories.</li>\r\n					<li>\r\n						If the owner and co-owner having national or resident of the United States should enter an enlarged copy of the EIN (Employer ID Number) TIN (Tax ID Number) and Social Security (SS).</li>\r\n					<li>\r\n						(2) verifiable banking references with no older than three (3) months. They must be in the name of the holder requesting the account opening.</li>\r\n					<li>\r\n						Letter of work (elebaorada in menbrete role of business) with a length not exceeding six (6) months.</li>\r\n					<li>\r\n						Proof of residency (ie utility bill, lease, etc) where the address of the registered holder becomes apparent, with a length not exceeding three (3) months.</li>\r\n					<li>\r\n						W8 or W9 Form BEN, according to the requirements of the Internal revenue Service IRS (if applicable). Please review the instructions on FATCA detailed below.</li>\r\n				</ol>\r\n			</td>\r\n			<td valign=\"top\">\r\n				<ol>\r\n					<li>\r\n						Legible copy of valid passport of shareholders, authorized signatories, board and customer representatives or proxies color.</li>\r\n					<li>\r\n						Readable copy of the RIF current client.</li>\r\n					<li>\r\n						If the shareholder is a legal person, attach a copy of the statutory document constituting and appointing current Board and RIF.</li>\r\n					<li>\r\n						Should shareholders share percentage above 10% possess nationality or domicile in the United States, consign copy of IEIN (Employer ID Name Strength), TIN (Tax ID Number) and Social Security (SS).</li>\r\n					<li>\r\n						Copy of the Articles of Statutory Document as amended.</li>\r\n					<li>\r\n						Copy of Certificate stating the appointment of administardores or opoderados force.</li>\r\n					<li>\r\n						A copy of the corporate resolution that designates persons authorized to open accounts and mobilize the client name.</li>\r\n					<li>\r\n						Certificate of Incumbency (legal entities incorporated outside of Venezuela).</li>\r\n					<li>\r\n						Certificate of Good Standing (legal entities incorporated outside of Venezuela).</li>\r\n					<li>\r\n						(2) References bancarisa verifiable with no older than three (3) months. They must be in the name of the holder requesting the account opening.</li>\r\n					<li>\r\n						If the client does not have bank references, they must be recorded by the shareholders.</li>\r\n					<li>\r\n						Copy of last financierios states (General and State Income Statement Balance) or last declaration of income tax. If you have not completed its first fiscal period, Affidavit or Projected Revenue for one year.</li>\r\n					<li>\r\n						Proof of residence (example: public service received, lease, etc.) where the address of the registered holder becomes apparent, with an age not exceeding three (3) months.</li>\r\n				</ol>\r\n			</td>\r\n		</tr>\r\n	</tbody>\r\n</table>\r\n<p style=\"text-align: justify;\">\r\n	&nbsp;</p>\r\n<p style=\"text-align: justify;\">\r\n	<strong><span style=\"color:#ff0000;\">Note: </span></strong>The Affidavit and Registration Card Signatures must be no older than 3 (three) months.</p>\r\n<p style=\"text-align: justify;\">\r\n	Forms related to FATCA must be made in full and submitted with the rest of the requirements:</p>\r\n<ol>\r\n	<li style=\"text-align: justify;\">\r\n		W-9 is the application and certification of the number of Wt US Taxpayer users must complete and sign the document and financial institutions resguardaren FACTA the condition or status of its US customers.</li>\r\n</ol>\r\n<p style=\"margin-left: 40px; text-align: justify;\">\r\n	MUST complete this document:</p>\r\n<ul>\r\n	<li style=\"margin-left: 40px;\">\r\n		Those who are US citizens.</li>\r\n	<li style=\"margin-left: 40px;\">\r\n		Those who are foreign citizens who have permamente residency (Green Card) US</li>\r\n	<li style=\"margin-left: 40px;\">\r\n		Representatives of legal persons US</li>\r\n	<li style=\"margin-left: 40px;\">\r\n		Any physical or legal entity that is contributing Income Tax US</li>\r\n</ul>\r\n<ol>\r\n	<li style=\"text-align: justify;\" value=\"2\">\r\n		W-8BEN is the certificate of foreign status of homeowner beneficiary to withholding ed US customers, natural or natural persons must complete and sign the financial institutions to document and safeguard the condition or status FACTA that are not American.</li>\r\n</ol>\r\n<p style=\"margin-left: 40px; text-align: justify;\">\r\n	MUST complete this document:</p>\r\n<ul>\r\n	<li style=\"margin-left: 40px; text-align: justify;\">\r\n		Birthplace US Additionally MUST attach:\r\n		<ul>\r\n			<li style=\"margin-left: 40px;\">\r\n				Foreign Document ID showing another nationality (In. Certificate of Citizenship).</li>\r\n			<li style=\"margin-left: 40px;\">\r\n				Nationality wing waiver certificate, Form 407: Abandonment Permit Resident Status.</li>\r\n			<li style=\"margin-left: 40px;\">\r\n				Written explanation regarding US citizenship.</li>\r\n		</ul>\r\n	</li>\r\n	<li style=\"margin-left: 40px; text-align: justify;\">\r\n		Residence address or post office box mail US Additionally you must attach:\r\n		<ul>\r\n			<li style=\"margin-left: 40px;\">\r\n				Foreign Document ID showing another nationality (In. Certificate of Citizenship).</li>\r\n		</ul>\r\n	</li>\r\n	<li style=\"margin-left: 40px; text-align: justify;\">\r\n		US telephone number. Additionally must attach:\r\n		<ul>\r\n			<li style=\"margin-left: 40px;\">\r\n				Foreign Document ID showing another nationality (In. Certificate of Citizenship).</li>\r\n		</ul>\r\n	</li>\r\n	<li style=\"margin-left: 40px; text-align: justify;\">\r\n		Fixed, explicit and determined to transfer funds to an account maintained in the US Instructions Additionally MUST attach:\r\n		<ul>\r\n			<li style=\"margin-left: 40px;\">\r\n				Documentary evidence you show them the orders of transfers to US</li>\r\n		</ul>\r\n	</li>\r\n	<li style=\"margin-left: 40px; text-align: justify;\">\r\n		Agent of a person with US address Additionally MUST attach:\r\n		<ul>\r\n			<li style=\"margin-left: 40px;\">\r\n				Documentary evidence seized information associated with a US address is demonstrated.</li>\r\n		</ul>\r\n	</li>\r\n	<li style=\"margin-left: 40px; text-align: justify;\">\r\n		Any forwarding address, attention or retention of correspondence identified as the only address associated with the account holder in the financial institution (Hold Mail c / o). Additionally MUST attach:\r\n		<ul>\r\n			<li style=\"margin-left: 40px;\">\r\n				Documentary evidence to explain the circumstance which includes the above address. (Annex No. 1)</li>\r\n		</ul>\r\n	</li>\r\n</ul>\r\n<p>\r\n	&nbsp;</p>\r\n<p style=\"text-align: center;\">\r\n	<span style=\"font-size:10px;\">All documentation must be sent priority in original, in case of not having the originals thereof, the specialist business should validate the documentation, placing the signature and seal of &quot;True and Exact Copy of the Original&quot;</span></p>\r\n<p>\r\n	&nbsp;</p>\r\n<p style=\"text-align: center;\">\r\n	IS ESSENTIAL TO COLLECT ALL THE PRECAUTIONS BEFORE APPLYING THE OPENING OF ACCOUNT</p>','',1,'Requirements for opening of accounts',1,2,1,NULL),(182,NULL,'<p style=\"text-align: justify;\">Ahora BOI Bank Corporation pone a su disposici&oacute;n el nuevo proceso de apertura de cuenta por internet. Solo ingrese desde la comodidad de su hogar u oficina a www.boibank.com y ahorre tiempo, evite la intervenci&oacute;n de terceras personas y resguarde su inter&eacute;s. La apertura de cuentas es ahora completamente en l&iacute;nea.</p>\r\n\r\n<p style=\"text-align: justify;\">Lo invitamos a sumarse al grupo de clientes que ya disfrutan de los productos y servicio de BOI Bank Corporation.</p>\r\n\r\n<p style=\"text-align: justify;\"><strong>Beneficios:</strong></p>\r\n\r\n<ul>\r\n	<li style=\"text-align: justify;\">Flexibilidad y ahorro de tiempo al abrir sus cuentas.</li>\r\n	<li style=\"text-align: justify;\">Servicio disponible las 24 horas del d&iacute;a, los 365 d&iacute;as del a&ntilde;o.</li>\r\n	<li style=\"text-align: justify;\">Seguridad y confiabilidad.</li>\r\n	<li style=\"text-align: justify;\">Comodidad y conveniencia, porque puede realizarlo desde cualquier lugar con acceso a internet.</li>\r\n</ul>\r\n\r\n<p style=\"text-align: justify;\"><strong>Requisitos:</strong></p>\r\n\r\n<ul>\r\n	<li style=\"text-align: justify;\">Contar con al menos una cuenta de correo electr&oacute;nico, una empresa multifuncional o esc&aacute;ner y acceso a internet.</li>\r\n	<li style=\"text-align: justify;\">Disponer de los recaudos m&iacute;nimos exigidos. Para consultar cuales son estos recaudos haga&nbsp;<a href=\"p_contenido.php?id=43&amp;idc=180\">click aqui.</a></li>\r\n	<li style=\"text-align: justify;\">Llenar los formularios de Ficha de Identificaci&oacute;n Persona Natural o Jur&iacute;dica seg&uacute;n sea su caso. Declaraci&oacute;n de Beneficiario final (Solo persona jur&iacute;dica) y el formulario de registro de firmas.</li>\r\n</ul>\r\n\r\n<p style=\"text-align: justify;\">&nbsp;</p>\r\n\r\n<p style=\"text-align: center;\"><span style=\"font-size:24px;\"><strong>INSTRUCCIONES PARA LA APERTURA DE CUENTAS</strong></span></p>\r\n\r\n<p style=\"text-align: justify;\">&nbsp;</p>\r\n\r\n<table border=\"0\" cellpadding=\"1\" cellspacing=\"1\" style=\"width: 100%;\">\r\n	<tbody>\r\n		<tr style=\"vertical-align:middle;\">\r\n			<td alingn=\"center\" valign=\"middle\" width=\"10%\"><img src=\"/boi_bank/administrador/uploads/contenidos/images/icono1.png\" style=\"width: 40px; height: 40px;\" /></td>\r\n			<td><span style=\"font-size:24px; vertical-align:middle; padding-left:20px;\">Paso 1</span></td>\r\n		</tr>\r\n		<tr>\r\n			<td alingn=\"center\" valign=\"middle\" width=\"10%\">&nbsp;</td>\r\n			<td>\r\n			<p style=\"text-align: justify; padding-left:20px;\">Desde la p&aacute;gina web www.boibank.com, haga clic en el men&uacute; de &quot;Formularios&quot;</p>\r\n			</td>\r\n		</tr>\r\n		<tr>\r\n			<td alingn=\"center\" valign=\"middle\">&nbsp;</td>\r\n			<td height=\"25px\">&nbsp;</td>\r\n		</tr>\r\n		<tr>\r\n			<td alingn=\"center\" valign=\"middle\" width=\"10%\"><img src=\"/boi_bank/administrador/uploads/contenidos/images/icono2.png\" style=\"width: 40px; height: 40px;\" /></td>\r\n			<td><span style=\"font-size: 24px; vertical-align:middle; padding-left:20px;\">Paso 2</span></td>\r\n		</tr>\r\n		<tr>\r\n			<td alingn=\"center\" valign=\"middle\">&nbsp;</td>\r\n			<td>\r\n			<p style=\"text-align: justify; padding-left:20px;\">Descargue y complete los siguientes formularios en computadora, con informaci&oacute;n en todos sus campos, sin tachaduras ni enmendaduras y sin dejar espacios en blanco. En caso que no tenga informaci&oacute;n a ingresar coloque &quot;NA&quot; (No Aplica).</p>\r\n\r\n			<ul>\r\n				<li style=\"text-align: justify;\">Ficha de Identificaci&oacute;n del Cliente (Persona Natural).</li>\r\n				<li style=\"text-align: justify;\">Ficha de Identificaci&oacute;n del Cliente (Persona Jur&iacute;dica).</li>\r\n				<li style=\"text-align: justify;\">Declaraci&oacute;n de Beneficiario final (Aplicable solo para Persona Jur&iacute;dica).</li>\r\n				<li style=\"text-align: justify;\">Declaraci&oacute;n jurada de origen y destino de los fondos (Persona Natural).</li>\r\n				<li style=\"text-align: justify;\">Declaraci&oacute;n jurada de origen y destino de los fondos (Persona Jur&iacute;dica).</li>\r\n				<li style=\"text-align: justify;\">Registro de firmas.</li>\r\n			</ul>\r\n\r\n			<p>&nbsp;</p>\r\n			</td>\r\n		</tr>\r\n		<tr>\r\n			<td alingn=\"center\" valign=\"middle\">&nbsp;</td>\r\n			<td height=\"25px\">&nbsp;</td>\r\n		</tr>\r\n		<tr>\r\n			<td alingn=\"center\" valign=\"middle\" width=\"10%\"><img src=\"/boi_bank/administrador/uploads/contenidos/images/icono3.png\" style=\"width: 40px; height: 40px;\" /></td>\r\n			<td><span style=\"font-size: 24px; vertical-align:middle; padding-left:20px;\">Paso 3</span></td>\r\n		</tr>\r\n		<tr>\r\n			<td alingn=\"center\" valign=\"middle\" width=\"10%\">&nbsp;</td>\r\n			<td>\r\n			<p style=\"text-align: justify; padding-left:20px;\">Imprima los formularios, f&iacute;rmelos y digital&iacute;celos en formato PDF. Adicionalmente, digitalice los recaudos solicitados en el mismo formato.</p>\r\n			</td>\r\n		</tr>\r\n		<tr>\r\n			<td alingn=\"center\" valign=\"middle\">&nbsp;</td>\r\n			<td height=\"25px\">&nbsp;</td>\r\n		</tr>\r\n		<tr>\r\n			<td alingn=\"center\" valign=\"middle\" width=\"10%\"><img src=\"/boi_bank/administrador/uploads/contenidos/images/icono4.png\" style=\"width: 40px; height: 40px;\" /></td>\r\n			<td><span style=\"font-size: 24px; vertical-align:middle; padding-left:20px;\">Paso 4</span></td>\r\n		</tr>\r\n		<tr>\r\n			<td alingn=\"center\" valign=\"middle\">&nbsp;</td>\r\n			<td>\r\n			<p style=\"text-align: justify; padding-left:20px;\">Ingrese a su cuenta de correo electr&oacute;nico, adjunte los formularios y recaudos digitalizados y env&iacute;e un email a la siguiente direcci&oacute;n: contactodirecto@boibank.com tenga presente que si la informaci&oacute;n a enviar excede los 32 MB debe enviar distribuida en varios correo electr&oacute;nicos.</p>\r\n			</td>\r\n		</tr>\r\n		<tr>\r\n			<td alingn=\"center\" valign=\"middle\">&nbsp;</td>\r\n			<td height=\"25px\">&nbsp;</td>\r\n		</tr>\r\n		<tr>\r\n			<td alingn=\"center\" valign=\"middle\" width=\"10%\"><img src=\"/boi_bank/administrador/uploads/contenidos/images/icono5.png\" style=\"width: 40px; height: 40px;\" /></td>\r\n			<td><span style=\"font-size: 24px; vertical-align:middle; padding-left:20px;\">Paso 5</span></td>\r\n		</tr>\r\n		<tr>\r\n			<td alingn=\"center\" valign=\"middle\">&nbsp;</td>\r\n			<td>\r\n			<p style=\"text-align: justify; padding-left:20px;\">Nuestro equipo revisar&aacute; su solicitud y a la brevedad posible, responder&aacute; a su requerimiento. En BOI Bank Corporation ratificamos nuestro compromiso en mejorar cada d&iacute;a nuestros servicios en procura de la atenci&oacute;n que usted necesita.</p>\r\n			</td>\r\n		</tr>\r\n	</tbody>\r\n</table>\r\n\r\n<p>&nbsp;</p>',NULL,1,'Apertura de cuenta',1,1,1,NULL),(183,NULL,'<p style=\"text-align: justify;\">\r\n	Now Boi Corpotation Bank puts at your disposal the new account opening process online. Only enter from the comfort of your home or office www.boibank.com and save time, avoid the intervention of third parties and safeguard your interest. The opening of accounts is now completely online.</p>\r\n<p style=\"text-align: justify;\">\r\n	We invite you to join the group of customers who already enjoy the products and services Boi Bank Corporation.</p>\r\n<table border=\"0\" cellpadding=\"1\" cellspacing=\"1\" style=\"width: 100%;\">\r\n	<tbody>\r\n		<tr>\r\n			<td style=\"text-align: justify;\" width=\"50%\">\r\n				<strong>Benefits:</strong></td>\r\n			<td style=\"text-align: justify;\" width=\"50%\">\r\n				<strong>Requirements:</strong></td>\r\n		</tr>\r\n		<tr>\r\n			<td valign=\"top\">\r\n				<ul>\r\n					<li>\r\n						Flexibility and time savings to open their accounts.</li>\r\n					<li>\r\n						Service available 24 hours a day, 365 days a year.</li>\r\n					<li>\r\n						Security and reliability.</li>\r\n					<li>\r\n						Comfort and convenience because you can do it from anywhere with Internet access.</li>\r\n				</ul>\r\n			</td>\r\n			<td valign=\"top\">\r\n				<ul>\r\n					<li>\r\n						Have at least one account email sites, a company multifuncionar or Scanner and Internet access.</li>\r\n					<li>\r\n						Have the minimum required precautions. To see these these collections please <a href=\"p_contenido.php?id=43&amp;idc=181\"><u> click here</u></a>.</li>\r\n					<li>\r\n						Filling out forms Identification Sheet natural or legal person as appropriate. Declaration of Final beneficiary (legal person only) and registration form signatures.</li>\r\n				</ul>\r\n			</td>\r\n		</tr>\r\n	</tbody>\r\n</table>\r\n<p style=\"text-align: justify;\">\r\n	&nbsp;</p>\r\n<p style=\"text-align: center;\">\r\n	<span style=\"font-size:24px;\"><strong>INSTRUCTIONS FOR THE OPENING OF ACCOUNTS</strong></span></p>\r\n<p style=\"text-align: justify;\">\r\n	&nbsp;</p>\r\n<table border=\"0\" cellpadding=\"1\" cellspacing=\"1\" style=\"width: 100%;\">\r\n	<tbody>\r\n		<tr>\r\n			<td alingn=\"center\" valign=\"middle\" width=\"10%\">\r\n				<img height=\"70\" src=\"images/web.png\" width=\"70\" /></td>\r\n			<td>\r\n				<p style=\"text-align: justify;\">\r\n					<strong><span style=\"font-size:24px;\">Step</span></strong><span style=\"font-size:16px;\"><span style=\"font-size:24px;\">&nbsp;1</span></span></p>\r\n				<p style=\"text-align: justify;\">\r\n					From the website www.boibank.com click menu &quot;Forms&quot;</p>\r\n			</td>\r\n		</tr>\r\n		<tr>\r\n			<td alingn=\"center\" valign=\"middle\" width=\"10%\">\r\n				<img height=\"70\" src=\"images/file_download.png\" width=\"70\" /></td>\r\n			<td>\r\n				<p style=\"text-align: justify;\">\r\n					<strong><span style=\"font-size: 24px;\">Step</span></strong><span style=\"font-size: 24px;\">&nbsp;2</span></p>\r\n				<p style=\"text-align: justify;\">\r\n					Download and complete the following forms in computer, information in all fields, without erasures or amendments without blank spaces. If you do not have to enter information put &quot;NA&quot; (not applicable).</p>\r\n				<ul>\r\n					<li>\r\n						Customer Identification tab (Natural Person).</li>\r\n					<li>\r\n						Customer Identification tab (Legal Entity).</li>\r\n					<li>\r\n						Final Beneficiary Statement (Applicable only for legal person).</li>\r\n					<li>\r\n						Affidavit of origin and destination of funds (Natural Person).</li>\r\n					<li>\r\n						Affidavit of origin and destination of funds (Legal Entity).</li>\r\n					<li>\r\n						Registration signatures.</li>\r\n				</ul>\r\n			</td>\r\n		</tr>\r\n		<tr>\r\n			<td alingn=\"center\" valign=\"middle\" width=\"10%\">\r\n				<img height=\"70\" src=\"images/printer.png\" width=\"70\" /></td>\r\n			<td>\r\n				<p style=\"text-align: justify;\">\r\n					<strong><span style=\"font-size: 24px;\">Step</span></strong><span style=\"font-size: 24px;\">&nbsp;3</span></p>\r\n				<p style=\"text-align: justify;\">\r\n					Print the forms, sign them and digital jealousy in PDF format. Additionally, scan the precautions required in the same format.</p>\r\n			</td>\r\n		</tr>\r\n		<tr>\r\n			<td alingn=\"center\" valign=\"middle\" width=\"10%\">\r\n				<img height=\"70\" src=\"images/users.png\" width=\"70\" /></td>\r\n			<td>\r\n				<p style=\"text-align: justify;\">\r\n					<strong><span style=\"font-size: 24px;\">Step</span></strong><span style=\"font-size: 24px;\">&nbsp;4</span></p>\r\n				<p style=\"text-align: justify;\">\r\n					Enter your email account, attach the forms and digitized collections and send an email to the following address: contactodirecto@boibank.com note that if the information to be sent exceeds 32 MB should send distributed in several electronic mail.</p>\r\n			</td>\r\n		</tr>\r\n		<tr>\r\n			<td alingn=\"center\" valign=\"middle\" width=\"10%\">\r\n				<img height=\"70\" src=\"images/go.png\" width=\"70\" /></td>\r\n			<td>\r\n				<p style=\"text-align: justify;\">\r\n					<strong><span style=\"font-size: 24px;\">Step</span></strong><span style=\"font-size: 24px;\">&nbsp;5</span></p>\r\n				<p style=\"text-align: justify;\">\r\n					Our team will review your request as soon as possible, respond to your request. In Boi Bnak Corporation reaffirm our commitment to improve our services every day in pursuit of care you need.</p>\r\n			</td>\r\n		</tr>\r\n	</tbody>\r\n</table>\r\n<p>\r\n	&nbsp;</p>','',1,'Account opening',1,2,1,NULL),(184,NULL,'<ul>\r\n	<li>\r\n		<a href=\"p_contenido.php?id=43&amp;idc=169\"> Preguntas frecuentes.</a></li>\r\n	<li>\r\n		<a href=\"p_contenido.php?id=43&amp;idc=182\"> Apertura de cuenta.</a></li>\r\n	<li>\r\n		<a href=\"p_contenido.php?id=43&amp;idc=180\">Requisitos para apertura de cuentas.</a></li>\r\n	<li>\r\n		<a href=\"p_contenido.php?id=43&amp;idc=178\">FATCA.</a></li>\r\n</ul>',NULL,1,'Ayuda',1,1,1,'icono_formulario.jpg'),(185,NULL,'<ul>\r\n	<li>\r\n		<a href=\"p_contenido.php?id=43&idc=170\">FAQ.</a></li>\r\n	<li>\r\n		<a href=\"p_contenido.php?id=43&idc=183\">Account opening.</a></li>\r\n	<li>\r\n		<a href=\"p_contenido.php?id=43&idc=181\">Requirements for opening of accounts.</a></li>\r\n	<li>\r\n		<a href=\"p_contenido.php?id=43&idc=179\">FATCA</a></li>\r\n</ul>','',1,'Assistance',1,2,1,'icono_ayuda(1).jpg'),(186,NULL,'<p><strong>Nota:&nbsp;</strong><span style=\"line-height: 1.6em;\">El texto &iacute;ntegro de los T&eacute;rminos y Condiciones Generales ha sido redactado en idioma ingl&eacute;s. Por lo tanto, en caso de discrepancia entre la versi&oacute;n en ingl&eacute;s y la traducci&oacute;n al espa&ntilde;ol, prevalecer&aacute; la interpretaci&oacute;n acorde con los T&eacute;rminos y Condiciones Generales redactados originalmente en ingl&eacute;s.</span></p>',NULL,1,'Términos y Condiciones Generales',1,1,1,NULL);
/*!40000 ALTER TABLE `contenidos` ENABLE KEYS */;
UNLOCK TABLES;

--
-- Table structure for table `departamentos`
--

DROP TABLE IF EXISTS `departamentos`;
/*!40101 SET @saved_cs_client     = @@character_set_client */;
/*!40101 SET character_set_client = utf8 */;
CREATE TABLE `departamentos` (
  `id_departamentos` int(11) NOT NULL AUTO_INCREMENT,
  `nombre` varchar(100) NOT NULL,
  `email` varchar(100) NOT NULL,
  `estatus` int(11) NOT NULL DEFAULT '1',
  `id_idioma` int(11) NOT NULL,
  `orden` int(11) NOT NULL,
  PRIMARY KEY (`id_departamentos`),
  UNIQUE KEY `id_departamentos_UNIQUE` (`id_departamentos`),
  KEY `dep_idioma_idx` (`id_idioma`),
  CONSTRAINT `dep_idioma` FOREIGN KEY (`id_idioma`) REFERENCES `idioma` (`ididioma`) ON DELETE NO ACTION ON UPDATE NO ACTION
) ENGINE=InnoDB AUTO_INCREMENT=14 DEFAULT CHARSET=latin1 ROW_FORMAT=DYNAMIC;
/*!40101 SET character_set_client = @saved_cs_client */;

--
-- Dumping data for table `departamentos`
--

LOCK TABLES `departamentos` WRITE;
/*!40000 ALTER TABLE `departamentos` DISABLE KEYS */;
INSERT INTO `departamentos` VALUES (1,'Transfererencia Recibida','pruebas@adverweb.com',1,1,1),(2,'Transferencia Enviada','csolorzano@gerenca.com',1,1,2),(3,'Tarjetas de Crédito','pruebas@adverweb.com',1,1,3),(4,'Traspaso','pruebas@adverweb.com',1,1,4),(5,'Apertura de Cuenta','pruebas@adverweb.com',1,1,5),(6,'Activación de Cuenta','pruebas@adverweb.com',1,1,6),(7,'Certificado de Depósito (CD)','pruebas@adverweb.com',1,1,7),(8,'Carta de Crédito (Stand By)','pruebas@adverweb.com',1,1,8),(9,'Estado de Cuenta','pruebas@adverweb.com',1,1,9),(10,'Tarjeta de Crédito','pruebas@adverweb.com',1,1,10),(11,'Servicio','pruebas@adverweb.com',1,1,11),(12,'Otros','pruebas@adverweb.com',1,1,12),(13,'Other','pruebas@adverweb.com',1,2,1);
/*!40000 ALTER TABLE `departamentos` ENABLE KEYS */;
UNLOCK TABLES;

--
-- Table structure for table `documentos`
--

DROP TABLE IF EXISTS `documentos`;
/*!40101 SET @saved_cs_client     = @@character_set_client */;
/*!40101 SET character_set_client = utf8 */;
CREATE TABLE `documentos` (
  `id_documentos` int(11) NOT NULL AUTO_INCREMENT,
  `titulo` varchar(100) NOT NULL,
  `sumario` varchar(150) DEFAULT NULL,
  `documento` varchar(2550) NOT NULL,
  `fecha` datetime DEFAULT NULL,
  `estatus` int(11) NOT NULL,
  PRIMARY KEY (`id_documentos`)
) ENGINE=InnoDB AUTO_INCREMENT=80 DEFAULT CHARSET=latin1 ROW_FORMAT=COMPACT;
/*!40101 SET character_set_client = @saved_cs_client */;

--
-- Dumping data for table `documentos`
--

LOCK TABLES `documentos` WRITE;
/*!40000 ALTER TABLE `documentos` DISABLE KEYS */;
INSERT INTO `documentos` VALUES (63,'	Registro de firmas	',NULL,'regfirmas.pdf	','2015-03-12 14:43:04',1),(64,'Ficha de identificación (Persona Natural)',NULL,'ficha_nat.pdf	','2015-03-12 14:43:04',1),(65,'	Ficha de identificación (Persona Juridica)	',NULL,'ficha_ju.pdf	','2015-03-12 14:43:04',1),(66,'	Declaración jurada del origen y destino de los fondos (Persona Natural)	',NULL,'declaracion_nat.pdf	','2015-03-12 14:43:04',1),(67,'	Declaración jurada del origen y destino de los fondos (Persona Juridica)	',NULL,'declaracion_ju.pdf	','2015-03-12 14:43:04',1),(68,'	Envio de transferencias	',NULL,'transferencias.pdf	','2015-03-12 14:43:04',1),(69,'	Traspaso entre cuentas	',NULL,'traspasos.pdf	','2015-03-12 14:43:04',1),(70,'	Solicitud de modificación de los firmantes en una cuenta	',NULL,'modificacionfirmantes.pdf	','2015-03-12 14:43:04',1),(71,'	Solicitud de cancelación de cuenta	',NULL,'cancelacioncuenta.pdf	','2015-03-12 14:43:04',1),(72,'	Formato de cuenta inactiva	',NULL,'cuentainactiva.pdf	','2015-03-12 14:43:04',1),(73,'	Declaración de beneficiario final	',NULL,'beneficiariofinal.pdf	','2015-03-12 14:43:04',1),(74,'	Tèrminos y condiciones generales del banco	',NULL,'gtyc.pdf	','2015-03-12 14:43:04',1),(76,'Solicitud TDC persona natural',NULL,'solicitud_tdc_nat.pdf','2015-05-07 00:00:00',1),(77,'Solicitud TDC persona juridica',NULL,'solicitud_tdc_ju.pdf','2015-05-07 00:00:00',1),(78,'Términos y Condiciones Generales',NULL,'terminos_condic_es.pdf','2015-06-09 00:00:00',1),(79,'Términos y Condiciones Generales (INGLES)',NULL,'terminos_condic_in.pdf','2015-06-09 00:00:00',1);
/*!40000 ALTER TABLE `documentos` ENABLE KEYS */;
UNLOCK TABLES;

--
-- Table structure for table `documentos_secciones`
--

DROP TABLE IF EXISTS `documentos_secciones`;
/*!40101 SET @saved_cs_client     = @@character_set_client */;
/*!40101 SET character_set_client = utf8 */;
CREATE TABLE `documentos_secciones` (
  `id_documentos_secciones` int(11) NOT NULL AUTO_INCREMENT,
  `fecha_inicio` datetime DEFAULT NULL,
  `fecha_fin` datetime DEFAULT NULL,
  `fecha` datetime DEFAULT NULL,
  `estatus` int(11) NOT NULL,
  `id_documentos` int(11) NOT NULL,
  `id_contenido` int(11) DEFAULT NULL,
  PRIMARY KEY (`id_documentos_secciones`),
  KEY `id_documentos` (`id_documentos`),
  CONSTRAINT `id_documentos` FOREIGN KEY (`id_documentos`) REFERENCES `documentos` (`id_documentos`) ON DELETE NO ACTION ON UPDATE NO ACTION
) ENGINE=InnoDB AUTO_INCREMENT=13 DEFAULT CHARSET=latin1 ROW_FORMAT=COMPACT;
/*!40101 SET character_set_client = @saved_cs_client */;

--
-- Dumping data for table `documentos_secciones`
--

LOCK TABLES `documentos_secciones` WRITE;
/*!40000 ALTER TABLE `documentos_secciones` DISABLE KEYS */;
INSERT INTO `documentos_secciones` VALUES (9,NULL,NULL,'2015-05-07 00:00:00',1,76,131),(10,NULL,NULL,'2015-05-07 00:00:00',1,77,131),(11,NULL,NULL,'2015-06-09 00:00:00',1,78,186),(12,NULL,NULL,'2015-06-09 00:00:00',1,79,186);
/*!40000 ALTER TABLE `documentos_secciones` ENABLE KEYS */;
UNLOCK TABLES;

--
-- Table structure for table `encuesta`
--

DROP TABLE IF EXISTS `encuesta`;
/*!40101 SET @saved_cs_client     = @@character_set_client */;
/*!40101 SET character_set_client = utf8 */;
CREATE TABLE `encuesta` (
  `id_encuesta` int(11) NOT NULL AUTO_INCREMENT,
  `nombre` varchar(45) NOT NULL,
  `estatus` int(11) NOT NULL,
  `id_idioma` int(11) NOT NULL,
  PRIMARY KEY (`id_encuesta`),
  KEY `enc_idioma_idx` (`id_idioma`),
  CONSTRAINT `enc_idioma` FOREIGN KEY (`id_idioma`) REFERENCES `idioma` (`ididioma`) ON DELETE NO ACTION ON UPDATE NO ACTION
) ENGINE=InnoDB AUTO_INCREMENT=4 DEFAULT CHARSET=latin1 ROW_FORMAT=COMPACT;
/*!40101 SET character_set_client = @saved_cs_client */;

--
-- Dumping data for table `encuesta`
--

LOCK TABLES `encuesta` WRITE;
/*!40000 ALTER TABLE `encuesta` DISABLE KEYS */;
INSERT INTO `encuesta` VALUES (1,'Encuesta de satisfacción',1,1),(2,'Encuesta Inglés',1,2),(3,'Encuesta Prueba 2',0,2);
/*!40000 ALTER TABLE `encuesta` ENABLE KEYS */;
UNLOCK TABLES;

--
-- Table structure for table `faq`
--

DROP TABLE IF EXISTS `faq`;
/*!40101 SET @saved_cs_client     = @@character_set_client */;
/*!40101 SET character_set_client = utf8 */;
CREATE TABLE `faq` (
  `id_faq` int(11) NOT NULL AUTO_INCREMENT,
  `pregunta` varchar(255) NOT NULL,
  `respuesta` text NOT NULL,
  `estatus` int(11) NOT NULL,
  `orden` int(11) NOT NULL,
  `id_categoria_faq` int(11) NOT NULL,
  PRIMARY KEY (`id_faq`),
  UNIQUE KEY `id_faq_UNIQUE` (`id_faq`),
  KEY `faq_cat_faq_idx` (`id_categoria_faq`),
  CONSTRAINT `faq_cat_faq` FOREIGN KEY (`id_categoria_faq`) REFERENCES `categoria_faq` (`id_categoria_faq`) ON DELETE NO ACTION ON UPDATE NO ACTION
) ENGINE=InnoDB AUTO_INCREMENT=36 DEFAULT CHARSET=latin1 ROW_FORMAT=COMPACT;
/*!40101 SET character_set_client = @saved_cs_client */;

--
-- Dumping data for table `faq`
--

LOCK TABLES `faq` WRITE;
/*!40000 ALTER TABLE `faq` DISABLE KEYS */;
INSERT INTO `faq` VALUES (13,'¿Donde está ubicado el BOI Bank?','<p>\r\n	Se encuentra en St. John, que es la capital de Antigua And Barbuda un pa&iacute;s situado en el Mar Caribe.</p>',1,1,1),(14,'¿Quiénes somos?','<p>\r\n	&nbsp;</p>\r\n<ul>\r\n	<li>\r\n		Somos una empresa del Holding Cartera de Inversiones Venezolanas, dedicada a la captaci&oacute;n y manejo de divisas, funcionando como un banco de inversi&oacute;n.</li>\r\n	<li>\r\n		Prestamos servicios financieros desde el a&ntilde;o 1996 al Banco Occidental de Descuento y compa&ntilde;&iacute;as del grupo y desde marzo del 2007 a Corpbanca Venezuela, nuestra sede se encuentra en la ciudad de St. Johns, Antigua.</li>\r\n</ul>\r\n<p>\r\n	&nbsp;</p>',1,2,1),(15,'¿Cuál es su banco intermediario?','<p>\r\n	Bancr&eacute;dito International Bank, Corporation</p>',1,3,1),(16,'¿Qué productos ofrecen?','<p>\r\n	&nbsp;</p>\r\n<ul>\r\n	<li>\r\n		Cuenta de Ahorros</li>\r\n	<li>\r\n		Certificados de Dep&oacute;sito</li>\r\n	<li>\r\n		Tarjeta de Cr&eacute;dito Garantizada</li>\r\n	<li>\r\n		Tarjeta de Cr&eacute;dito Visa Platinum BOI Bank Corporation</li>\r\n</ul>\r\n<p>\r\n	&nbsp;</p>',1,1,2),(17,'¿Quiénes pueden abrir una cuenta?','<p><ul><li>Personas Naturales</li><li>Persona Jurídicas</li></ul></p>',1,2,2),(18,'¿Cuáles son los beneficios de la Visa Platinum?','<p>\n\n<ul>\n	<li>\n		Servicio de Asistencia en Viajes</li>\n	<li>\n		Servicio de Compensaci&oacute;n de Emergencias M&eacute;dicas.</li>\n	<li>\n		Seguro por accidente de Viajes.</li>\n	<li>\n		Seguro de Alquiler de Autos</li>\n	<li>\n		Centro de atenci&oacute;n personalizada las 24 horas * 365 d&iacute;as al a&ntilde;o.</li>\n</ul>\n</p>',1,3,2),(19,'¿En cuánto tiempo me llega la TDC garantizada?','<p>\r\n	Una vez que le entregue todos los recaudos al ejecutivo del banco, en un par de semanas usted estar&aacute; recibiendo su pl&aacute;stico.</p>',1,4,2),(20,'¿Cuánto es el límite de mi TDC garantizada?','<p>\r\n	Su l&iacute;mite inicial m&iacute;nimo es de 5.000 $, si usted desea tener un l&iacute;mite m&aacute;s alto va a depender del fondo de garant&iacute;a que usted deposite (o disponga en su cuenta).</p>',1,5,2),(21,'¿Si me consumo el límite de mi TDC garantizada, puedo solicitar una extensión del límite al banco?','<p>\r\n	Con una llamada telef&oacute;nica puede solicitar la extensi&oacute;n siempre y cuando tenga disponibilidad en su cuenta de ahorro.</p>',1,6,2),(22,'¿Puedo realizar avances de efectivo?','<p>\r\n	Si puede realizar sus avances hasta un m&aacute;ximo de 2.500$ mensual.</p>',1,7,2),(23,'¿Cuánto es la comisión del avance de efectivo?','<p>La comisión es de 2,5 $ por cada avance de efectivo que usted realice.</p>',1,8,2),(24,'¿La TDC tiene algún costo, debo pagar alguna membrecía?','<p>La TDC tiene un costo de emisión de 120$ anual, esto le garantiza su certificado.</p>',1,9,2),(25,'¿Tiene algún seguro por robo/ extravío?','<p>Tiene un seguro que debe cancelar mensual de 3,5 (titular) $ a 6,5 $ (adicional)  dependiendo del monto que usted disponga en la cuenta.</p>',1,10,2),(26,'¿Se puede utilizar mi cuenta en el BOI Bank como referencia bancaria para otros bancos?','<p>\r\n	Si puede</p>',1,11,2),(27,'¿Cómo hacer transferencias?','<p>A través de su Ejecutivo</p>',1,12,2),(28,'¿Cuánto tiempo tardan las transferencias entre cuentas BOI Bank?','<p>El mismo día, siempre y cuando se reciban antes de las 10 a.m.</p>',1,13,2),(29,'¿Si desconozco el nombre de mi Ejecutivo de Negocios que debo hacer?','<p>Escribir al correo info@boibank.com</p>',1,15,2),(30,'¿Si tengo más dudas a qué número me puedo comunicar?','<p>\r\n	Dentro de Panam&aacute; 1 268 5624471 y 1 268 5624470, los cuales se encuentran en la p&aacute;gina WEB.</p>',1,16,2),(31,'¿Cuál es la dirección de la página Web?','<p>www.boibank.com</p>',1,1,3),(32,'¿Cómo afiliarme a la página Web?','<p>A través de la Página al ingresar a persona natural o jurídica y en link “Si desea solicitar un nuevo usuario haga clic acá” debe completar los datos requeridos. Una vez enviado el formulario, se le estará haciendo llegar a su correo electrónico su usuario y contraseña.</p>',1,2,3),(33,'¿Qué operaciones puedo realizar a través de la banca en línea?','<p>Actualmente puede realizar consultas, próximamente tendrá disponible la transacción de transferencias.</p>',1,3,3),(34,'¿Si olvido mi contraseña, cómo puedo recuperarla?','<p>Puede enviar un correo a la siguiente dirección callcenter1@boibank.com </p>',1,4,3),(35,'¿Cuánto tiempo tardan las transferencias a otros bancos?','<p>\r\n	72 horas m&aacute;ximo</p>',1,14,2);
/*!40000 ALTER TABLE `faq` ENABLE KEYS */;
UNLOCK TABLES;

--
-- Table structure for table `grupo`
--

DROP TABLE IF EXISTS `grupo`;
/*!40101 SET @saved_cs_client     = @@character_set_client */;
/*!40101 SET character_set_client = utf8 */;
CREATE TABLE `grupo` (
  `id_grupo` int(11) NOT NULL AUTO_INCREMENT,
  `nombre` varchar(45) DEFAULT NULL,
  `estatus` int(11) NOT NULL,
  `id_padre` int(11) DEFAULT NULL,
  `orden` int(11) DEFAULT NULL,
  PRIMARY KEY (`id_grupo`),
  KEY `id_padre` (`id_padre`),
  CONSTRAINT `grupo_ibfk_1` FOREIGN KEY (`id_padre`) REFERENCES `grupo` (`id_grupo`)
) ENGINE=InnoDB AUTO_INCREMENT=46 DEFAULT CHARSET=latin1 ROW_FORMAT=COMPACT;
/*!40101 SET character_set_client = @saved_cs_client */;

--
-- Dumping data for table `grupo`
--

LOCK TABLES `grupo` WRITE;
/*!40000 ALTER TABLE `grupo` DISABLE KEYS */;
INSERT INTO `grupo` VALUES (36,'Menú superior',1,NULL,NULL),(37,'Acceso directo',1,NULL,NULL),(38,'Links',1,NULL,NULL),(39,'Footer_titulo',1,NULL,NULL),(40,'Footer_contenido_uno',1,39,1),(41,'Footer_contenido_dos',1,39,2),(42,'Footer_contenido_cuatro',1,39,4),(43,'Footer_contenido_tres',1,39,3),(44,'Footer_contenido_cinco',1,39,5),(45,'Banner',1,NULL,1);
/*!40000 ALTER TABLE `grupo` ENABLE KEYS */;
UNLOCK TABLES;

--
-- Table structure for table `grupo_secciones`
--

DROP TABLE IF EXISTS `grupo_secciones`;
/*!40101 SET @saved_cs_client     = @@character_set_client */;
/*!40101 SET character_set_client = utf8 */;
CREATE TABLE `grupo_secciones` (
  `id_grupo_seccion` int(11) NOT NULL AUTO_INCREMENT,
  `id_contenido` int(11) NOT NULL,
  `id_grupo` int(11) NOT NULL,
  `estatus` int(11) NOT NULL,
  `orden` int(11) DEFAULT NULL,
  PRIMARY KEY (`id_grupo_seccion`),
  KEY `id_contenido` (`id_contenido`),
  KEY `grup_grupo_idx` (`id_grupo`),
  CONSTRAINT `grup_grupo` FOREIGN KEY (`id_grupo`) REFERENCES `grupo` (`id_grupo`) ON DELETE NO ACTION ON UPDATE NO ACTION
) ENGINE=InnoDB AUTO_INCREMENT=304 DEFAULT CHARSET=latin1 ROW_FORMAT=COMPACT;
/*!40101 SET character_set_client = @saved_cs_client */;

--
-- Dumping data for table `grupo_secciones`
--

LOCK TABLES `grupo_secciones` WRITE;
/*!40000 ALTER TABLE `grupo_secciones` DISABLE KEYS */;
INSERT INTO `grupo_secciones` VALUES (239,125,36,1,NULL),(240,126,36,1,NULL),(241,127,36,1,NULL),(242,128,37,1,NULL),(243,129,37,1,NULL),(244,130,37,1,NULL),(245,131,37,1,NULL),(246,132,37,1,NULL),(247,133,37,1,NULL),(248,134,38,1,NULL),(249,135,38,1,NULL),(250,136,38,1,NULL),(251,137,36,1,NULL),(252,138,36,1,NULL),(253,139,36,1,NULL),(254,140,37,1,NULL),(256,141,37,1,NULL),(257,142,37,1,NULL),(258,143,37,1,NULL),(259,144,37,1,NULL),(260,145,37,1,NULL),(261,146,38,1,NULL),(262,147,38,1,NULL),(263,148,38,1,NULL),(264,149,39,1,1),(265,150,39,1,2),(266,151,39,1,3),(267,152,39,1,4),(268,153,39,1,5),(269,154,39,1,1),(270,155,39,1,2),(271,156,39,1,3),(272,157,39,1,4),(273,158,39,1,5),(274,125,40,1,NULL),(275,137,40,1,NULL),(276,159,40,1,NULL),(277,160,40,1,NULL),(278,161,40,1,NULL),(279,162,40,1,NULL),(280,163,41,1,NULL),(281,164,41,1,1),(282,165,41,1,2),(283,166,41,1,2),(284,167,41,1,NULL),(285,168,41,1,NULL),(286,126,42,1,NULL),(287,138,42,1,NULL),(288,169,43,1,NULL),(289,170,43,1,NULL),(290,171,44,1,NULL),(291,172,44,1,NULL),(292,175,45,1,NULL),(293,176,36,1,NULL),(294,177,36,1,NULL),(295,178,43,1,NULL),(296,179,43,1,NULL),(297,180,43,1,NULL),(298,181,43,1,NULL),(299,182,43,1,NULL),(300,183,43,1,NULL),(301,184,38,1,1),(302,185,38,1,NULL),(303,186,40,1,9);
/*!40000 ALTER TABLE `grupo_secciones` ENABLE KEYS */;
UNLOCK TABLES;

--
-- Table structure for table `idioma`
--

DROP TABLE IF EXISTS `idioma`;
/*!40101 SET @saved_cs_client     = @@character_set_client */;
/*!40101 SET character_set_client = utf8 */;
CREATE TABLE `idioma` (
  `ididioma` int(11) NOT NULL AUTO_INCREMENT,
  `valor` varchar(45) NOT NULL,
  `archivo_xml` varchar(45) NOT NULL,
  `archivo_js` varchar(45) NOT NULL,
  `estatus` tinyint(4) NOT NULL,
  PRIMARY KEY (`ididioma`)
) ENGINE=InnoDB AUTO_INCREMENT=3 DEFAULT CHARSET=latin1;
/*!40101 SET character_set_client = @saved_cs_client */;

--
-- Dumping data for table `idioma`
--

LOCK TABLES `idioma` WRITE;
/*!40000 ALTER TABLE `idioma` DISABLE KEYS */;
INSERT INTO `idioma` VALUES (1,'Español','es_1.xml','i_es.js',1),(2,'English','en.xml','i_en.js',1);
/*!40000 ALTER TABLE `idioma` ENABLE KEYS */;
UNLOCK TABLES;

--
-- Table structure for table `menu`
--

DROP TABLE IF EXISTS `menu`;
/*!40101 SET @saved_cs_client     = @@character_set_client */;
/*!40101 SET character_set_client = utf8 */;
CREATE TABLE `menu` (
  `id_menu` int(11) NOT NULL AUTO_INCREMENT,
  `posicion` varchar(45) NOT NULL,
  `id_grupo_seccion` int(11) NOT NULL,
  `estatus` int(11) NOT NULL,
  `orden` int(3) NOT NULL,
  PRIMARY KEY (`id_menu`),
  KEY `id_grupo_seccion` (`id_grupo_seccion`),
  CONSTRAINT `menu_grupo_sec` FOREIGN KEY (`id_grupo_seccion`) REFERENCES `grupo_secciones` (`id_grupo_seccion`) ON DELETE NO ACTION ON UPDATE NO ACTION
) ENGINE=InnoDB AUTO_INCREMENT=155 DEFAULT CHARSET=latin1 ROW_FORMAT=COMPACT;
/*!40101 SET character_set_client = @saved_cs_client */;

--
-- Dumping data for table `menu`
--

LOCK TABLES `menu` WRITE;
/*!40000 ALTER TABLE `menu` DISABLE KEYS */;
INSERT INTO `menu` VALUES (90,'1',239,1,1),(91,'1',240,1,2),(92,'1',241,1,3),(94,'3',243,1,1),(95,'3',244,1,2),(97,'3',245,1,3),(98,'3',246,1,4),(99,'3',247,1,5),(100,'4',248,1,2),(101,'4',249,1,3),(102,'4',250,1,4),(103,'1',251,1,1),(104,'1',252,1,2),(105,'1',253,1,3),(106,'1',253,1,3),(108,'3',256,1,1),(109,'3',257,1,2),(110,'3',258,1,3),(111,'3',259,1,4),(112,'3',260,1,5),(113,'4',261,1,2),(114,'4',262,1,3),(115,'4',263,1,4),(116,'2',264,1,1),(117,'2',265,1,2),(118,'2',266,1,4),(119,'2',267,1,3),(120,'2',268,1,5),(121,'2',269,1,1),(122,'2',270,1,2),(123,'2',271,1,4),(124,'2',272,1,3),(125,'2',273,1,5),(126,'2',274,1,1),(127,'2',275,1,1),(128,'2',276,1,2),(129,'2',277,1,2),(130,'2',278,1,3),(131,'2',279,1,3),(132,'2',280,1,1),(133,'2',281,1,1),(134,'2',282,1,2),(135,'2',283,1,2),(136,'2',284,1,3),(137,'2',285,1,3),(138,'2',286,1,1),(139,'2',288,1,1),(140,'2',289,1,1),(141,'2',290,1,1),(142,'2',291,1,1),(143,'1',293,1,99),(144,'1',294,1,99),(145,'2',295,1,5),(146,'2',296,1,5),(147,'2',298,1,3),(148,'2',297,1,3),(149,'2',287,1,1),(150,'2',299,1,1),(151,'2',300,1,2),(152,'4',301,1,1),(153,'4',302,1,1),(154,'2',303,1,9);
/*!40000 ALTER TABLE `menu` ENABLE KEYS */;
UNLOCK TABLES;

--
-- Table structure for table `modulos`
--

DROP TABLE IF EXISTS `modulos`;
/*!40101 SET @saved_cs_client     = @@character_set_client */;
/*!40101 SET character_set_client = utf8 */;
CREATE TABLE `modulos` (
  `id_modulo_financiero` int(11) NOT NULL AUTO_INCREMENT,
  `plantilla` varchar(45) NOT NULL,
  `nombre` varchar(45) NOT NULL,
  `estatus` int(11) NOT NULL,
  PRIMARY KEY (`id_modulo_financiero`)
) ENGINE=InnoDB AUTO_INCREMENT=4 DEFAULT CHARSET=latin1 ROW_FORMAT=COMPACT;
/*!40101 SET character_set_client = @saved_cs_client */;

--
-- Dumping data for table `modulos`
--

LOCK TABLES `modulos` WRITE;
/*!40000 ALTER TABLE `modulos` DISABLE KEYS */;
INSERT INTO `modulos` VALUES (1,'contacto.php','contacto',1),(2,'calendario.php','calendario',1),(3,'faq.php','faq',1);
/*!40000 ALTER TABLE `modulos` ENABLE KEYS */;
UNLOCK TABLES;

--
-- Table structure for table `parametros`
--

DROP TABLE IF EXISTS `parametros`;
/*!40101 SET @saved_cs_client     = @@character_set_client */;
/*!40101 SET character_set_client = utf8 */;
CREATE TABLE `parametros` (
  `id_parametro` int(11) NOT NULL AUTO_INCREMENT,
  `nombre` varchar(45) NOT NULL,
  `valor` text NOT NULL,
  `estatus` int(11) NOT NULL,
  `archivo` varchar(255) DEFAULT NULL,
  PRIMARY KEY (`id_parametro`)
) ENGINE=InnoDB AUTO_INCREMENT=62 DEFAULT CHARSET=latin1 ROW_FORMAT=COMPACT;
/*!40101 SET character_set_client = @saved_cs_client */;

--
-- Dumping data for table `parametros`
--

LOCK TABLES `parametros` WRITE;
/*!40000 ALTER TABLE `parametros` DISABLE KEYS */;
INSERT INTO `parametros` VALUES (1,'Email Dirección Correo de Contacto','info@boibank.com',1,NULL),(2,'URL cuenta Twitter','https://www.twitter.com/@',1,NULL),(3,'Url OnLine Natural','https://boi.boibank.com/DIBS_BOI/pages/loginP.jsp',1,NULL),(4,'Url OnLine Juridica','https://boi.boibank.com/DIBS_BOI/pages/loginC.jsp',1,NULL),(5,'Url OnLine TC','https://www.athservices.net/banca/login.jsp',1,NULL),(7,'URL cuenta Facebook','https://www.facebook.com/',1,NULL),(16,'Archivo Aviso Legal','terminos_condiciones.pdf',1,'terminos_condiciones.pdf'),(22,'Nombre del Banco','Boi Bank',1,NULL),(24,'Descarga explorer','http://windows.microsoft.com/es-ES/internet-explorer/products/ie/home',1,NULL),(25,'Descarga chorome','https://www.google.com/intl/es/chrome/browser/?hl=es',1,NULL),(28,'Desga opera','http://www.opera.com/download/',1,NULL),(29,'Descarga firefox','http://www.mozilla.org/es-ES/firefox/new/',1,NULL),(32,'Descarga safari','http://www.apple.com/es',1,NULL),(41,'Index','http://www.adverweb.com/boi_bank/site/p_contenido.php?id=1',1,NULL),(51,'Teléfono','1 268 562 4471',1,NULL),(52,'Dirección','Village Walk Commercial Center Suite #206, 1st floor Friar´s Hill, St Jhon´s Antigua Teléfono 1 268 562 4471 ',1,NULL),(53,'Idioma por defecto 1:Español | 2:Inglés','1',1,NULL),(54,'Imagen interna por defecto 1024','Benner interno formato 1200',1,'interna_def_1200.png'),(55,'Imagen interna por defecto 640','Banner interno formato 640',1,'interna_def_640.png'),(56,'Imagen interna por defecto 320','Banner interno formato 320',1,'interna_def_320.png'),(57,'Twitter en home 1:Activo | 0:Inactivo','0',1,NULL),(58,'Facebook en home 1:Activo | 0:Inactivo','0',1,NULL),(59,'URL uploads','../administrador/uploads/',1,NULL),(60,'Titulo Site','BOI BANK',1,NULL),(61,'URL site','/boi_bank/site/',1,NULL);
/*!40000 ALTER TABLE `parametros` ENABLE KEYS */;
UNLOCK TABLES;

--
-- Table structure for table `preguntas`
--

DROP TABLE IF EXISTS `preguntas`;
/*!40101 SET @saved_cs_client     = @@character_set_client */;
/*!40101 SET character_set_client = utf8 */;
CREATE TABLE `preguntas` (
  `id_pregunta` int(11) NOT NULL AUTO_INCREMENT,
  `id_encuesta` int(11) NOT NULL,
  `pregunta` varchar(100) NOT NULL,
  `estatus` int(11) NOT NULL,
  PRIMARY KEY (`id_pregunta`),
  KEY `id_encuesta` (`id_encuesta`),
  CONSTRAINT `id_encuesta0` FOREIGN KEY (`id_encuesta`) REFERENCES `encuesta` (`id_encuesta`) ON DELETE NO ACTION ON UPDATE NO ACTION
) ENGINE=InnoDB AUTO_INCREMENT=4 DEFAULT CHARSET=latin1 ROW_FORMAT=COMPACT;
/*!40101 SET character_set_client = @saved_cs_client */;

--
-- Dumping data for table `preguntas`
--

LOCK TABLES `preguntas` WRITE;
/*!40000 ALTER TABLE `preguntas` DISABLE KEYS */;
INSERT INTO `preguntas` VALUES (2,1,'¿En cuál de nuestros productos se encuentra más interesado?',1),(3,3,'¿Cual es la tasa de interés pasiva?',1);
/*!40000 ALTER TABLE `preguntas` ENABLE KEYS */;
UNLOCK TABLES;

--
-- Table structure for table `respuestas`
--

DROP TABLE IF EXISTS `respuestas`;
/*!40101 SET @saved_cs_client     = @@character_set_client */;
/*!40101 SET character_set_client = utf8 */;
CREATE TABLE `respuestas` (
  `id_respuestas` int(11) NOT NULL AUTO_INCREMENT,
  `id_pregunta` int(11) NOT NULL,
  `respuesta` varchar(100) NOT NULL,
  `estatus` int(11) NOT NULL,
  `contador` int(11) NOT NULL DEFAULT '0',
  `orden` int(11) NOT NULL,
  PRIMARY KEY (`id_respuestas`),
  KEY `id_pregunta` (`id_pregunta`),
  CONSTRAINT `id_pregunta0` FOREIGN KEY (`id_pregunta`) REFERENCES `preguntas` (`id_pregunta`) ON DELETE NO ACTION ON UPDATE NO ACTION
) ENGINE=InnoDB AUTO_INCREMENT=9 DEFAULT CHARSET=latin1 ROW_FORMAT=COMPACT;
/*!40101 SET character_set_client = @saved_cs_client */;

--
-- Dumping data for table `respuestas`
--

LOCK TABLES `respuestas` WRITE;
/*!40000 ALTER TABLE `respuestas` DISABLE KEYS */;
INSERT INTO `respuestas` VALUES (5,2,'Productos para el manejo de liquidez',1,19,1),(6,2,'Productos de inversión',1,13,2),(7,2,'Productos de consumo',1,7,3),(8,3,'6.3%',1,0,1);
/*!40000 ALTER TABLE `respuestas` ENABLE KEYS */;
UNLOCK TABLES;

--
-- Table structure for table `userlevelpermissions`
--

DROP TABLE IF EXISTS `userlevelpermissions`;
/*!40101 SET @saved_cs_client     = @@character_set_client */;
/*!40101 SET character_set_client = utf8 */;
CREATE TABLE `userlevelpermissions` (
  `userlevelid` int(11) NOT NULL,
  `tablename` varchar(255) NOT NULL,
  `permission` int(11) NOT NULL,
  PRIMARY KEY (`userlevelid`,`tablename`)
) ENGINE=InnoDB DEFAULT CHARSET=latin1;
/*!40101 SET character_set_client = @saved_cs_client */;

--
-- Dumping data for table `userlevelpermissions`
--

LOCK TABLES `userlevelpermissions` WRITE;
/*!40000 ALTER TABLE `userlevelpermissions` DISABLE KEYS */;
INSERT INTO `userlevelpermissions` VALUES (1,'{DD9066AF-D306-4284-92A4-967936CB046F}audittrail',5),(1,'{DD9066AF-D306-4284-92A4-967936CB046F}banner',5),(1,'{DD9066AF-D306-4284-92A4-967936CB046F}banner_contenido',5),(1,'{DD9066AF-D306-4284-92A4-967936CB046F}banner_posicion',5),(1,'{DD9066AF-D306-4284-92A4-967936CB046F}calendario',5),(1,'{DD9066AF-D306-4284-92A4-967936CB046F}categoria_faq',5),(1,'{DD9066AF-D306-4284-92A4-967936CB046F}contenidos',5),(1,'{DD9066AF-D306-4284-92A4-967936CB046F}departamentos',5),(1,'{DD9066AF-D306-4284-92A4-967936CB046F}documentos',5),(1,'{DD9066AF-D306-4284-92A4-967936CB046F}documentos_secciones',5),(1,'{DD9066AF-D306-4284-92A4-967936CB046F}encuesta',5),(1,'{DD9066AF-D306-4284-92A4-967936CB046F}faq',5),(1,'{DD9066AF-D306-4284-92A4-967936CB046F}grupo',5),(1,'{DD9066AF-D306-4284-92A4-967936CB046F}grupo_secciones',5),(1,'{DD9066AF-D306-4284-92A4-967936CB046F}idioma',5),(1,'{DD9066AF-D306-4284-92A4-967936CB046F}menu',5),(1,'{DD9066AF-D306-4284-92A4-967936CB046F}modulos',5),(1,'{DD9066AF-D306-4284-92A4-967936CB046F}parametros',5),(1,'{DD9066AF-D306-4284-92A4-967936CB046F}preguntas',5),(1,'{DD9066AF-D306-4284-92A4-967936CB046F}respuestas',5),(1,'{DD9066AF-D306-4284-92A4-967936CB046F}userlevelpermissions',5),(1,'{DD9066AF-D306-4284-92A4-967936CB046F}userlevels',5),(1,'{DD9066AF-D306-4284-92A4-967936CB046F}usuario_admin',5),(1,'{DD9066AF-D306-4284-92A4-967936CB046F}view1',5),(1,'{DD9066AF-D306-4284-92A4-967936CB046F}view2',5),(1,'{DD9066AF-D306-4284-92A4-967936CB046F}view3',5);
/*!40000 ALTER TABLE `userlevelpermissions` ENABLE KEYS */;
UNLOCK TABLES;

--
-- Table structure for table `userlevels`
--

DROP TABLE IF EXISTS `userlevels`;
/*!40101 SET @saved_cs_client     = @@character_set_client */;
/*!40101 SET character_set_client = utf8 */;
CREATE TABLE `userlevels` (
  `userlevelid` int(11) NOT NULL,
  `userlevelname` varchar(255) NOT NULL,
  PRIMARY KEY (`userlevelid`)
) ENGINE=InnoDB DEFAULT CHARSET=latin1;
/*!40101 SET character_set_client = @saved_cs_client */;

--
-- Dumping data for table `userlevels`
--

LOCK TABLES `userlevels` WRITE;
/*!40000 ALTER TABLE `userlevels` DISABLE KEYS */;
INSERT INTO `userlevels` VALUES (-1,'Administrator'),(0,'Default'),(1,'SuperUsuario');
/*!40000 ALTER TABLE `userlevels` ENABLE KEYS */;
UNLOCK TABLES;

--
-- Table structure for table `usuario_admin`
--

DROP TABLE IF EXISTS `usuario_admin`;
/*!40101 SET @saved_cs_client     = @@character_set_client */;
/*!40101 SET character_set_client = utf8 */;
CREATE TABLE `usuario_admin` (
  `id_usuario_admin` int(11) NOT NULL AUTO_INCREMENT,
  `nombre` varchar(25) NOT NULL,
  `apellido` varchar(25) NOT NULL,
  `email` varchar(50) NOT NULL,
  `clave` varchar(100) NOT NULL,
  `perfil` int(11) NOT NULL,
  `estatus` tinyint(4) NOT NULL,
  PRIMARY KEY (`id_usuario_admin`)
) ENGINE=InnoDB AUTO_INCREMENT=4 DEFAULT CHARSET=latin1;
/*!40101 SET character_set_client = @saved_cs_client */;

--
-- Dumping data for table `usuario_admin`
--

LOCK TABLES `usuario_admin` WRITE;
/*!40000 ALTER TABLE `usuario_admin` DISABLE KEYS */;
INSERT INTO `usuario_admin` VALUES (1,'Soporte','Adverweb','pruebas@adverweb.com','0bd058b62be99af376dcc3922add6fbb',-1,1),(2,'Daisy','Carjevschi','daisyc@adverweb.com','827ccb0eea8a706c4c34a16891f84e7b',-1,1),(3,'Pedro','Perez','pperez@dominio.com','e10adc3949ba59abbe56e057f20f883e',-1,1);
/*!40000 ALTER TABLE `usuario_admin` ENABLE KEYS */;
UNLOCK TABLES;
/*!40103 SET TIME_ZONE=@OLD_TIME_ZONE */;

/*!40101 SET SQL_MODE=@OLD_SQL_MODE */;
/*!40014 SET FOREIGN_KEY_CHECKS=@OLD_FOREIGN_KEY_CHECKS */;
/*!40014 SET UNIQUE_CHECKS=@OLD_UNIQUE_CHECKS */;
/*!40101 SET CHARACTER_SET_CLIENT=@OLD_CHARACTER_SET_CLIENT */;
/*!40101 SET CHARACTER_SET_RESULTS=@OLD_CHARACTER_SET_RESULTS */;
/*!40101 SET COLLATION_CONNECTION=@OLD_COLLATION_CONNECTION */;
/*!40111 SET SQL_NOTES=@OLD_SQL_NOTES */;

-- Dump completed on 2017-09-08  8:25:27
